"location","class","purchase_ton","year"
"NORTE","CLASSE I","35.699004240000001",2009
"NORTE","CLASSE II","899.6200824",2009
"NORTE","CLASSE III","2862.1027026000002",2009
"NORTE","CLASSE IV","572.08502927999996",2009
"AC","CLASSE I","0.00027999999999999998",2009
"AC","CLASSE II","14.0253868",2009
"AC","CLASSE III","88.974958299999997",2009
"AC","CLASSE IV","2.9746769999999998",2009
"AM","CLASSE I","0.095200000000000007",2009
"AM","CLASSE II","4.6613775999999998",2009
"AM","CLASSE III","11.5581698",2009
"AM","CLASSE IV","28.878941999999999",2009
"AP","CLASSE I","0",2009
"AP","CLASSE II","0",2009
"AP","CLASSE III","57.833492999999997",2009
"AP","CLASSE IV","4.9922820000000003",2009
"PA","CLASSE I","10.864305999999999",2009
"PA","CLASSE II","264.59628780000003",2009
"PA","CLASSE III","734.46377150000001",2009
"PA","CLASSE IV","96.404433179999998",2009
"RO","CLASSE I","13.13853995",2009
"RO","CLASSE II","285.65079359999999",2009
"RO","CLASSE III","1149.619533",2009
"RO","CLASSE IV","223.4329736",2009
"RR","CLASSE I","0.10885",2009
"RR","CLASSE II","40.898519",2009
"RR","CLASSE III","29.733799999999999",2009
"RR","CLASSE IV","4.5123655999999999",2009
"TO","CLASSE I","11.491828290000001",2009
"TO","CLASSE II","289.78771760000001",2009
"TO","CLASSE III","789.91897700000004",2009
"TO","CLASSE IV","210.8893559",2009
"NORDESTE","CLASSE I","410.162828741",2009
"NORDESTE","CLASSE II","5509.70755577",2009
"NORDESTE","CLASSE III","10686.641581439999",2009
"NORDESTE","CLASSE IV","2215.9837970499998",2009
"MA","CLASSE I","94.948967789999998",2009
"MA","CLASSE II","611.42855510000004",2009
"MA","CLASSE III","2270.186158",2009
"MA","CLASSE IV","329.56130739999998",2009
"PI","CLASSE I","16.68279545",2009
"PI","CLASSE II","309.57384139999999",2009
"PI","CLASSE III","1041.6474020000001",2009
"PI","CLASSE IV","151.18260559999999",2009
"CE","CLASSE I","3.933773",2009
"CE","CLASSE II","11.342459590000001",2009
"CE","CLASSE III","-578.72025980000001",2009
"CE","CLASSE IV","75.067788890000003",2009
"RN","CLASSE I","3.0626800699999999",2009
"RN","CLASSE II","98.055862039999994",2009
"RN","CLASSE III","60.35503928",2009
"RN","CLASSE IV","46.751826199999996",2009
"PB","CLASSE I","0.79580600700000004",2009
"PB","CLASSE II","121.2590878",2009
"PB","CLASSE III","67.998325159999993",2009
"PB","CLASSE IV","22.187558660000001",2009
"PE","CLASSE I","17.551379480000001",2009
"PE","CLASSE II","482.12070460000001",2009
"PE","CLASSE III","864.64491910000004",2009
"PE","CLASSE IV","94.301778100000007",2009
"AL","CLASSE I","7.3722991440000003",2009
"AL","CLASSE II","307.04514749999998",2009
"AL","CLASSE III","372.77819260000001",2009
"AL","CLASSE IV","6.9677011999999996",2009
"SE","CLASSE I","0.40604299999999999",2009
"SE","CLASSE II","26.32982574",2009
"SE","CLASSE III","166.9123251",2009
"SE","CLASSE IV","21.743055999999999",2009
"BA","CLASSE I","265.40908480000002",2009
"BA","CLASSE II","3542.552072",2009
"BA","CLASSE III","6420.8394799999996",2009
"BA","CLASSE IV","1468.2201749999999",2009
"SUDESTE","CLASSE I","1755.1909210600002",2009
"SUDESTE","CLASSE II","16571.565081300003",2009
"SUDESTE","CLASSE III","36608.186398000005",2009
"SUDESTE","CLASSE IV","16850.735975809999",2009
"ES","CLASSE I","18.62228756",2009
"ES","CLASSE II","292.52579429999997",2009
"ES","CLASSE III","1184.2271559999999",2009
"ES","CLASSE IV","104.0386025",2009
"MG","CLASSE I","385.01287350000001",2009
"MG","CLASSE II","4575.7278100000003",2009
"MG","CLASSE III","8855.1679829999994",2009
"MG","CLASSE IV","2240.5839919999999",2009
"RJ","CLASSE I","8.2822270000000007",2009
"RJ","CLASSE II","146.142797",2009
"RJ","CLASSE III","2188.187019",2009
"RJ","CLASSE IV","42.706801310000003",2009
"SP","CLASSE I","1343.273533",2009
"SP","CLASSE II","11557.168680000001",2009
"SP","CLASSE III","24380.604240000001",2009
"SP","CLASSE IV","14463.406580000001",2009
"SUL","CLASSE I","774.28869424000004",2009
"SUL","CLASSE II","14670.408594999999",2009
"SUL","CLASSE III","50892.793717",2009
"SUL","CLASSE IV","5660.2124219999996",2009
"PR","CLASSE I","497.4669859",2009
"PR","CLASSE II","8094.1334280000001",2009
"PR","CLASSE III","20730.933280000001",2009
"PR","CLASSE IV","3536.0296669999998",2009
"RS","CLASSE I","219.9355118",2009
"RS","CLASSE II","4904.4422770000001",2009
"RS","CLASSE III","26769.71703",2009
"RS","CLASSE IV","1622.120058",2009
"SC","CLASSE I","56.88619654",2009
"SC","CLASSE II","1671.8328899999999",2009
"SC","CLASSE III","3392.143407",2009
"SC","CLASSE IV","502.06269700000001",2009
"
CENTRO-OESTE","CLASSE I","1005.087611875",2009
"
CENTRO-OESTE","CLASSE II","19241.102195300002",2009
"
CENTRO-OESTE","CLASSE III","40334.233139299999",2009
"
CENTRO-OESTE","CLASSE IV","7427.9370517999996",2009
"DF","CLASSE I","2.8604983750000001",2009
"DF","CLASSE II","119.6538973",2009
"DF","CLASSE III","288.11274429999997",2009
"DF","CLASSE IV","117.97565640000001",2009
"GO","CLASSE I","199.72194039999999",2009
"GO","CLASSE II","4677.5832469999996",2009
"GO","CLASSE III","12485.8508",2009
"GO","CLASSE IV","1810.517857",2009
"MS","CLASSE I","151.54014799999999",2009
"MS","CLASSE II","2623.5674610000001",2009
"MS","CLASSE III","6493.7195949999996",2009
"MS","CLASSE IV","878.36172339999996",2009
"MT","CLASSE I","650.96502510000005",2009
"MT","CLASSE II","11820.29759",2009
"MT","CLASSE III","21066.549999999999",2009
"MT","CLASSE IV","4621.0818149999996",2009
"Vendas sem definição","CLASSE I","688.63312509649995",2009
"Vendas sem definição","CLASSE II","13892.393561885001",2009
"Vendas sem definição","CLASSE III","50332.949640033999",2009
"Vendas sem definição","CLASSE IV","451.9821",2009
"Vendas Totais","CLASSE I","4669.0621852525001",2009
"Vendas Totais","CLASSE II","70784.797071655004",2009
"Vendas Totais","CLASSE III","191716.90717837401",2009
"Vendas Totais","CLASSE IV","33178.93637594",2009
"NORTE","CLASSE I","-4.7945494649999958",2010
"NORTE","CLASSE II","1382.3550581879499",2010
"NORTE","CLASSE III","5214.9572003000003",2010
"NORTE","CLASSE IV","455.01964762030002",2010
"AC","CLASSE I","0.14910000000000001",2010
"AC","CLASSE II","26.412421000000002",2010
"AC","CLASSE III","216.62086755999997",2010
"AC","CLASSE IV","4.0881720000000001",2010
"AM","CLASSE I","4.8347749999999996",2010
"AM","CLASSE II","4.5030399000000001",2010
"AM","CLASSE III","31.869913",2010
"AM","CLASSE IV","1.3984134100000003",2010
"AP","CLASSE I","0",2010
"AP","CLASSE II","0.74963650000000004",2010
"AP","CLASSE III","78.275741999999994",2010
"AP","CLASSE IV","4.4239660000000001",2010
"PA","CLASSE I","-33.533493599999993",2010
"PA","CLASSE II","386.72476650000021",2010
"PA","CLASSE III","1522.7580269400003",2010
"PA","CLASSE IV","116.70441876000001",2010
"RO","CLASSE I","16.409665035",2010
"RO","CLASSE II","397.52972853794972",2010
"RO","CLASSE III","2006.8388883949997",2010
"RO","CLASSE IV","186.85657933000005",2010
"RR","CLASSE I","0.32673699999999994",2010
"RR","CLASSE II","49.3928595",2010
"RR","CLASSE III","68.173663000000005",2010
"RR","CLASSE IV","10.64636788",2010
"TO","CLASSE I","7.0186671",2010
"TO","CLASSE II","517.04260625000018",2010
"TO","CLASSE III","1290.420099405",2010
"TO","CLASSE IV","130.90173024029994",2010
"NORDESTE","CLASSE I","895.68922690500006",2010
"NORDESTE","CLASSE II","8910.2781336251701",2010
"NORDESTE","CLASSE III","19676.660612254993",2010
"NORDESTE","CLASSE IV","2836.5887058891813",2010
"MA","CLASSE I","254.96579630000002",2010
"MA","CLASSE II","835.77497656147045",2010
"MA","CLASSE III","3798.697551535",2010
"MA","CLASSE IV","352.08922717000002",2010
"PI","CLASSE I","18.630432800000005",2010
"PI","CLASSE II","508.44981068162997",2010
"PI","CLASSE III","2161.0011904399998",2010
"PI","CLASSE IV","109.66667119999997",2010
"CE","CLASSE I","7.3338602999999996",2010
"CE","CLASSE II","125.03728945000007",2010
"CE","CLASSE III","358.60912689999992",2010
"CE","CLASSE IV","72.551552639100038",2010
"RN","CLASSE I","1.8820916000000001",2010
"RN","CLASSE II","131.17410090000001",2010
"RN","CLASSE III","102.80195940000006",2010
"RN","CLASSE IV","63.26015740199999",2010
"PB","CLASSE I","1.3999330000000001",2010
"PB","CLASSE II","150.64305464",2010
"PB","CLASSE III","97.210867240000027",2010
"PB","CLASSE IV","23.970083600000002",2010
"PE","CLASSE I","19.630806905",2010
"PE","CLASSE II","1019.9155543316994",2010
"PE","CLASSE III","1532.9642083599992",2010
"PE","CLASSE IV","201.61438093739997",2010
"AL","CLASSE I","2.5832319999999998",2010
"AL","CLASSE II","658.79006025499973",2010
"AL","CLASSE III","994.76251453999998",2010
"AL","CLASSE IV","12.075934899999998",2010
"SE","CLASSE I","0.28284330000000002",2010
"SE","CLASSE II","85.430670149999983",2010
"SE","CLASSE III","208.02310102500002",2010
"SE","CLASSE IV","122.43058040244",2010
"BA","CLASSE I","588.98023069999999",2010
"BA","CLASSE II","5395.0626166553702",2010
"BA","CLASSE III","10422.590092814993",2010
"BA","CLASSE IV","1878.9301176382412",2010
"SUDESTE","CLASSE I","2089.4838283999998",2010
"SUDESTE","CLASSE II","31043.647570368968",2010
"SUDESTE","CLASSE III","61814.704697209978",2010
"SUDESTE","CLASSE IV","18804.820742800548",2010
"ES","CLASSE I","31.300334200000005",2010
"ES","CLASSE II","537.31036687976007",2010
"ES","CLASSE III","1479.4695488799991",2010
"ES","CLASSE IV","182.36507856409995",2010
"MG","CLASSE I","648.70779870000001",2010
"MG","CLASSE II","7291.8102324435704",2010
"MG","CLASSE III","14793.281098964988",2010
"MG","CLASSE IV","2499.8515426183794",2010
"RJ","CLASSE I","9.4529110999999997",2010
"RJ","CLASSE II","289.63366642831994",2010
"RJ","CLASSE III","620.7994388999997",2010
"RJ","CLASSE IV","38.873642480000001",2010
"SP","CLASSE I","1400.0227843999996",2010
"SP","CLASSE II","22924.893304617319",2010
"SP","CLASSE III","44921.15461046499",2010
"SP","CLASSE IV","16083.73047913807",2010
"SUL","CLASSE I","1186.9350965789999",2010
"SUL","CLASSE II","19860.19446922946",2010
"SUL","CLASSE III","58246.736563035032",2010
"SUL","CLASSE IV","6485.4019178197013",2010
"PR","CLASSE I","833.48426197499987",2010
"PR","CLASSE II","10535.983172188289",2010
"PR","CLASSE III","24697.519594680023",2010
"PR","CLASSE IV","3613.2430504574518",2010
"RS","CLASSE I","304.05459819999999",2010
"RS","CLASSE II","7132.0300607982472",2010
"RS","CLASSE III","27510.177029245002",2010
"RS","CLASSE IV","2307.8585387393505",2010
"SC","CLASSE I","49.396236403999985",2010
"SC","CLASSE II","2192.1812362429214",2010
"SC","CLASSE III","6039.0399391100063",2010
"SC","CLASSE IV","564.30032862289988",2010
"
CENTRO-OESTE","CLASSE I","3024.1897844775003",2010
"
CENTRO-OESTE","CLASSE II","27236.923327780871",2010
"
CENTRO-OESTE","CLASSE III","60402.126645192511",2010
"
CENTRO-OESTE","CLASSE IV","8958.9075163144953",2010
"DF","CLASSE I","8.0462419000000018",2010
"DF","CLASSE II","171.04067700317995",2010
"DF","CLASSE III","312.34469565999996",2010
"DF","CLASSE IV","74.423356612200024",2010
"GO","CLASSE I","569.74523016250021",2010
"GO","CLASSE II","7026.2092518704103",2010
"GO","CLASSE III","18957.985690635007",2010
"GO","CLASSE IV","2179.3867866581913",2010
"MS","CLASSE I","326.35412460000003",2010
"MS","CLASSE II","3742.9094284039675",2010
"MS","CLASSE III","10171.826339959996",2010
"MS","CLASSE IV","833.50244401409964",2010
"MT","CLASSE I","2120.044187815",2010
"MT","CLASSE II","16296.763970503314",2010
"MT","CLASSE III","30959.96991893751",2010
"MT","CLASSE IV","5871.5949290300032",2010
"Vendas sem definição","CLASSE I","1235.3618689499997",2010
"Vendas sem definição","CLASSE II","15331.453380874493",2010
"Vendas sem definição","CLASSE III","29303.162929099984",2010
"Vendas sem definição","CLASSE IV","110.47073375487997",2010
"Vendas Totais","CLASSE I","8426.8652558465001",2010
"Vendas Totais","CLASSE II","103764.8519400669",2010
"Vendas Totais","CLASSE III","234658.3486470925",2010
"Vendas Totais","CLASSE IV","37651.209264199111",2010
"NORTE","CLASSE I","43.027112143499998",2011
"NORTE","CLASSE II","1894.2748848721803",2011
"NORTE","CLASSE III","5946.8020008599997",2011
"NORTE","CLASSE IV","642.72268968799995",2011
"RO","CLASSE I","11.519536043499999",2011
"RO","CLASSE II","558.16029629618015",2011
"RO","CLASSE III","1635.3577891399993",2011
"RO","CLASSE IV","191.91103240000001",2011
"AC","CLASSE I","0.3424159",2011
"AC","CLASSE II","60.297376509999999",2011
"AC","CLASSE III","263.64449677999994",2011
"AC","CLASSE IV","9.2025074",2011
"AM","CLASSE I","4.5289449999999993",2011
"AM","CLASSE II","6.2765670000000018",2011
"AM","CLASSE III","34.130103999999996",2011
"AM","CLASSE IV","2.4824523799999998",2011
"RR","CLASSE I","0.20995000000000003",2011
"RR","CLASSE II","37.921183899999996",2011
"RR","CLASSE III","109.97203759999999",2011
"RR","CLASSE IV","63.566812589999998",2011
"PA","CLASSE I","13.1282604",2011
"PA","CLASSE II","584.62793527500014",2011
"PA","CLASSE III","2093.2316925399996",2011
"PA","CLASSE IV","185.36722060999998",2011
"AP","CLASSE I","0.034375000000000003",2011
"AP","CLASSE II","0.44485440000000009",2011
"AP","CLASSE III","84.205883240000006",2011
"AP","CLASSE IV","8.797699999999999",2011
"TO","CLASSE I","13.2636298",2011
"TO","CLASSE II","646.54667149099998",2011
"TO","CLASSE III","1726.2599975600003",2011
"TO","CLASSE IV","181.394964308",2011
"NORDESTE","CLASSE I","604.18656239999996",2011
"NORDESTE","CLASSE II","11046.837211628937",2011
"NORDESTE","CLASSE III","24557.333384839199",2011
"NORDESTE","CLASSE IV","2637.4436544260402",2011
"MA","CLASSE I","124.6484063",2011
"MA","CLASSE II","1185.5621782026199",2011
"MA","CLASSE III","5113.4282342300039",2011
"MA","CLASSE IV","288.69630730999995",2011
"PI","CLASSE I","16.754941500000001",2011
"PI","CLASSE II","837.36710176571978",2011
"PI","CLASSE III","2804.2230540799997",2011
"PI","CLASSE IV","157.65054919999997",2011
"CE","CLASSE I","11.3757982",2011
"CE","CLASSE II","161.41302529000004",2011
"CE","CLASSE III","334.91039075919997",2011
"CE","CLASSE IV","123.39502907250005",2011
"RN","CLASSE I","2.1580273999999999",2011
"RN","CLASSE II","189.46868264882005",2011
"RN","CLASSE III","146.44697298000006",2011
"RN","CLASSE IV","46.512668794000007",2011
"PB","CLASSE I","2.3110897000000001",2011
"PB","CLASSE II","150.16559675999989",2011
"PB","CLASSE III","225.3818420799999",2011
"PB","CLASSE IV","40.216759119999999",2011
"PE","CLASSE I","14.3719403",2011
"PE","CLASSE II","848.64642296499972",2011
"PE","CLASSE III","1748.7981146800003",2011
"PE","CLASSE IV","236.70593791610008",2011
"AL","CLASSE I","1.0754402000000001",2011
"AL","CLASSE II","693.60901400999956",2011
"AL","CLASSE III","1097.2659016199998",2011
"AL","CLASSE IV","29.888107500000004",2011
"SE","CLASSE I","2.2670493999999994",2011
"SE","CLASSE II","181.01371508500009",2011
"SE","CLASSE III","415.72541043000012",2011
"SE","CLASSE IV","69.152609272440003",2011
"BA","CLASSE I","429.22386940000001",2011
"BA","CLASSE II","6799.5914749017784",2011
"BA","CLASSE III","12671.153463979994",2011
"BA","CLASSE IV","1645.2256862409999",2011
"SUDESTE","CLASSE I","1564.8065841335001",2011
"SUDESTE","CLASSE II","30959.934163435209",2011
"SUDESTE","CLASSE III","56048.197353545096",2011
"SUDESTE","CLASSE IV","20653.084359960707",2011
"MG","CLASSE I","601.98281628749999",2011
"MG","CLASSE II","6817.2111368432561",2011
"MG","CLASSE III","15225.861985929983",2011
"MG","CLASSE IV","2632.3966815061895",2011
"ES","CLASSE I","49.949150700000004",2011
"ES","CLASSE II","578.49292850348991",2011
"ES","CLASSE III","2046.1940461799984",2011
"ES","CLASSE IV","211.02729501799996",2011
"RJ","CLASSE I","13.788596299999998",2011
"RJ","CLASSE II","276.21764603315",2011
"RJ","CLASSE III","508.47456901999999",2011
"RJ","CLASSE IV","36.826738089999999",2011
"SP","CLASSE I","899.086020846",2011
"SP","CLASSE II","23288.012452055314",2011
"SP","CLASSE III","38267.66675241512",2011
"SP","CLASSE IV","17772.833645346516",2011
"SUL","CLASSE I","754.60575150900013",2011
"SUL","CLASSE II","23461.135783688354",2011
"SUL","CLASSE III","55189.128544091625",2011
"SUL","CLASSE IV","7608.2997709526499",2011
"PR","CLASSE I","556.43746760900012",2011
"PR","CLASSE II","12192.54818722215",2011
"PR","CLASSE III","26331.292071325013",2011
"PR","CLASSE IV","4163.1559364446011",2011
"SC","CLASSE I","39.936884599999992",2011
"SC","CLASSE II","2866.9465377040592",2011
"SC","CLASSE III","5247.7357966066011",2011
"SC","CLASSE IV","641.06224742234997",2011
"RS","CLASSE I","158.23139929999999",2011
"RS","CLASSE II","8401.6410587621467",2011
"RS","CLASSE III","23610.100676160011",2011
"RS","CLASSE IV","2804.0815870856991",2011
"CENTRO 0ESTE","CLASSE I","2291.6398969954994",2011
"CENTRO 0ESTE","CLASSE II","32117.263078866454",2011
"CENTRO 0ESTE","CLASSE III","67382.453377512531",2011
"CENTRO 0ESTE","CLASSE IV","7899.3643466441799",2011
"MS","CLASSE I","229.87773999999999",2011
"MS","CLASSE II","4639.9700768858202",2011
"MS","CLASSE III","11990.887291410001",2011
"MS","CLASSE IV","861.25091753629999",2011
"MT","CLASSE I","1652.7045676225",2011
"MT","CLASSE II","19162.733152806588",2011
"MT","CLASSE III","35229.403180457542",2011
"MT","CLASSE IV","4688.5606816729996",2011
"GO","CLASSE I","407.3857547729998",2011
"GO","CLASSE II","8116.7590910631779",2011
"GO","CLASSE III","19770.429805324999",2011
"GO","CLASSE IV","2275.6117723448797",2011
"DF2","CLASSE I","1.6718345999999999",2011
"DF2","CLASSE II","197.80075811087002",2011
"DF2","CLASSE III","391.73310031999989",2011
"DF2","CLASSE IV","73.940975090000009",2011
"Vendas sem definição","CLASSE I","1127.4916210999995",2011
"Vendas sem definição","CLASSE II","25455.404882350002",2011
"Vendas sem definição","CLASSE III","42194.949023539986",2011
"Vendas sem definição","CLASSE IV","161.87863199999998",2011
"Vendas Totais","CLASSE I","6385.7575282814987",2011
"Vendas Totais","CLASSE II","124934.85000484115",2011
"Vendas Totais","CLASSE III","251318.86368438846",2011
"Vendas Totais","CLASSE IV","39602.793453671577",2011
"NORTE","CLASSE I","58.090755600000001",2012
"NORTE","CLASSE II","2427.3755007625609",2012
"NORTE","CLASSE III","8067.9830408139997",2012
"NORTE","CLASSE IV","589.77877457800003",2012
"AC","CLASSE I","0.21025000000000002",2012
"AC","CLASSE II","80.234614047999997",2012
"AC","CLASSE III","286.66537234800001",2012
"AC","CLASSE IV","7.9732560000000001",2012
"AM","CLASSE I","3.2843800000000001",2012
"AM","CLASSE II","13.64869079",2012
"AM","CLASSE III","57.074639779999998",2012
"AM","CLASSE IV","0.58546595000000001",2012
"AP","CLASSE I","0",2012
"AP","CLASSE II","0.39340000000000003",2012
"AP","CLASSE III","105.70180000000001",2012
"AP","CLASSE IV","9.9399999999999995",2012
"PA","CLASSE I","15.6610248",2012
"PA","CLASSE II","785.48376509460002",2012
"PA","CLASSE III","2557.031756506",2012
"PA","CLASSE IV","154.33511970999999",2012
"RO","CLASSE I","19.9409086",2012
"RO","CLASSE II","720.93666624894104",2012
"RO","CLASSE III","2415.143894756",2012
"RO","CLASSE IV","224.26293982999999",2012
"RR","CLASSE I","0.061812499999999999",2012
"RR","CLASSE II","18.824479920000002",2012
"RR","CLASSE III","146.56849740000001",2012
"RR","CLASSE IV","8.8205140400000008",2012
"TO","CLASSE I","18.932379699999998",2012
"TO","CLASSE II","807.85388466101995",2012
"TO","CLASSE III","2499.797080024",2012
"TO","CLASSE IV","183.86147904800001",2012
"NORDESTE","CLASSE I","334.5398467",2012
"NORDESTE","CLASSE II","12165.251930367189",2012
"NORDESTE","CLASSE III","28342.97031352",2012
"NORDESTE","CLASSE IV","2633.2521313629004",2012
"MA","CLASSE I","62.439691500000002",2012
"MA","CLASSE II","1661.82675748006",2012
"MA","CLASSE III","6257.1213626319995",2012
"MA","CLASSE IV","400.72059775499997",2012
"PI","CLASSE I","26.784175099999999",2012
"PI","CLASSE II","1002.49253511795",2012
"PI","CLASSE III","3581.4223762420002",2012
"PI","CLASSE IV","225.17284459000001",2012
"CE","CLASSE I","10.4754331",2012
"CE","CLASSE II","151.73578719495001",2012
"CE","CLASSE III","248.71949007000001",2012
"CE","CLASSE IV","106.05752957599999",2012
"RN","CLASSE I","1.7775463",2012
"RN","CLASSE II","104.87906875",2012
"RN","CLASSE III","225.03785045999999",2012
"RN","CLASSE IV","62.179294828000003",2012
"PB","CLASSE I","0.53385719999999992",2012
"PB","CLASSE II","268.844571605",2012
"PB","CLASSE III","242.03995140000001",2012
"PB","CLASSE IV","38.178652319999998",2012
"PE","CLASSE I","21.071407000000001",2012
"PE","CLASSE II","863.92662271400002",2012
"PE","CLASSE III","1552.2146508840001",2012
"PE","CLASSE IV","211.68294888599999",2012
"AL","CLASSE I","3.2751231000000001",2012
"AL","CLASSE II","812.009551321",2012
"AL","CLASSE III","891.966986088",2012
"AL","CLASSE IV","17.007847399999999",2012
"SE","CLASSE I","2.2446454999999998",2012
"SE","CLASSE II","150.266705398",2012
"SE","CLASSE III","406.50320741000002",2012
"SE","CLASSE IV","44.068399999999997",2012
"BA","CLASSE I","205.93796789999999",2012
"BA","CLASSE II","7149.2703307862303",2012
"BA","CLASSE III","14937.944438334",2012
"BA","CLASSE IV","1528.1840160079",2012
"SUDESTE","CLASSE I","962.00759339999991",2012
"SUDESTE","CLASSE II","38173.329949153049",2012
"SUDESTE","CLASSE III","67754.956419825103",2012
"SUDESTE","CLASSE IV","15898.343781927591",2012
"ES","CLASSE I","14.3394993",2012
"ES","CLASSE II","783.65055371482003",2012
"ES","CLASSE III","3176.68458117",2012
"ES","CLASSE IV","219.05729489800001",2012
"MG","CLASSE I","424.74194089999997",2012
"MG","CLASSE II","9157.8183550518297",2012
"MG","CLASSE III","22082.886421861",2012
"MG","CLASSE IV","2985.8849669464898",2012
"RJ","CLASSE I","11.3102",2012
"RJ","CLASSE II","212.35955798800001",2012
"RJ","CLASSE III","886.45447827999999",2012
"RJ","CLASSE IV","36.665100877999997",2012
"SP","CLASSE I","511.61595319999998",2012
"SP","CLASSE II","28019.501482398398",2012
"SP","CLASSE III","41608.930938514102",2012
"SP","CLASSE IV","12656.736419205101",2012
"SUL","CLASSE I","548.24885782799993",2012
"SUL","CLASSE II","22641.975389082501",2012
"SUL","CLASSE III","81527.784776464192",2012
"SUL","CLASSE IV","7593.7910500321495",2012
"PR","CLASSE I","290.81661198699999",2012
"PR","CLASSE II","11654.273894057",2012
"PR","CLASSE III","38726.177721624001",2012
"PR","CLASSE IV","4461.8526105195997",2012
"RS","CLASSE I","217.15501104099999",2012
"RS","CLASSE II","8105.2231464604602",2012
"RS","CLASSE III","36014.454184670001",2012
"RS","CLASSE IV","2442.1608265263999",2012
"SC","CLASSE I","40.277234800000002",2012
"SC","CLASSE II","2882.4783485650401",2012
"SC","CLASSE III","6787.1528701702",2012
"SC","CLASSE IV","689.77761298614996",2012
"
CENTRO-OESTE","CLASSE I","989.46176270000001",2012
"
CENTRO-OESTE","CLASSE II","36054.169606946525",2012
"
CENTRO-OESTE","CLASSE III","88956.043399252012",2012
"
CENTRO-OESTE","CLASSE IV","8757.0677757915801",2012
"DF","CLASSE I","2.6188088",2012
"DF","CLASSE II","277.58708764134002",2012
"DF","CLASSE III","582.46474258000001",2012
"DF","CLASSE IV","33.012668060300001",2012
"GO","CLASSE I","245.27532049999999",2012
"GO","CLASSE II","10740.0415974633",2012
"GO","CLASSE III","28103.828731231999",2012
"GO","CLASSE IV","2540.9282564335799",2012
"MS","CLASSE I","118.729574",2012
"MS","CLASSE II","5385.4733456701897",2012
"MS","CLASSE III","14601.998949694",2012
"MS","CLASSE IV","922.51368564409995",2012
"MT","CLASSE I","622.83805940000002",2012
"MT","CLASSE II","19651.067576171699",2012
"MT","CLASSE III","45667.750975745999",2012
"MT","CLASSE IV","5260.6131656535999",2012
"Vendas sem definição","CLASSE I","541.18151739999996",2012
"Vendas sem definição","CLASSE II","20825.296712575",2012
"Vendas sem definição","CLASSE III","31572.962254720002",2012
"Vendas sem definição","CLASSE IV","376.57232299999998",2012
"Vendas Totais","CLASSE I","3433.5303336279999",2012
"Vendas Totais","CLASSE II","132287.399088887",2012
"Vendas Totais","CLASSE III","306222.70020459499",2012
"Vendas Totais","CLASSE IV","35848.805836692198",2012
"NORTE","CLASSE I","101.6744803",2013
"NORTE","CLASSE II","3826.5624364445907",2013
"NORTE","CLASSE III","9024.9952425279989",2013
"NORTE","CLASSE IV","677.90956360000007",2013
"AC","CLASSE I","0.24005969999999996",2013
"AC","CLASSE II","30.483878212000011",2013
"AC","CLASSE III","312.19322807600003",2013
"AC","CLASSE IV","3.6014710000000005",2013
"AM","CLASSE I","2.3301349999999994",2013
"AM","CLASSE II","10.151012680000001",2013
"AM","CLASSE III","105.79945918400004",2013
"AM","CLASSE IV","6.2517359000000008",2013
"AP","CLASSE I","0.0339",2013
"AP","CLASSE II","1.355588",2013
"AP","CLASSE III","52.70840896",2013
"AP","CLASSE IV","0.076076532000000002",2013
"PA","CLASSE I","24.055239800000003",2013
"PA","CLASSE II","1145.5044554352605",2013
"PA","CLASSE III","2780.314817896",2013
"PA","CLASSE IV","182.27614297000008",2013
"RO","CLASSE I","21.859108299999999",2013
"RO","CLASSE II","1077.1828080057098",2013
"RO","CLASSE III","2529.2990038639982",2013
"RO","CLASSE IV","201.34717705",2013
"RR","CLASSE I","0.36708499999999999",2013
"RR","CLASSE II","94.907767500000006",2013
"RR","CLASSE III","270.90911460000001",2013
"RR","CLASSE IV","7.4858470000000006",2013
"TO","CLASSE I","52.788952499999994",2013
"TO","CLASSE II","1466.9769266116205",2013
"TO","CLASSE III","2973.7712099480009",2013
"TO","CLASSE IV","276.87111314800001",2013
"NORDESTE","CLASSE I","363.82170800000006",2013
"NORDESTE","CLASSE II","16186.242146082948",2013
"NORDESTE","CLASSE III","26665.988081864802",2013
"NORDESTE","CLASSE IV","2063.9387710650508",2013
"MA","CLASSE I","61.063879099999994",2013
"MA","CLASSE II","2462.4937789459923",2013
"MA","CLASSE III","5391.2084596540008",2013
"MA","CLASSE IV","247.99847858000004",2013
"PI","CLASSE I","30.6225421",2013
"PI","CLASSE II","1582.6931810612505",2013
"PI","CLASSE III","3016.0114632060004",2013
"PI","CLASSE IV","215.16020171000011",2013
"CE","CLASSE I","7.7803059000000001",2013
"CE","CLASSE II","212.85150982785999",2013
"CE","CLASSE III","155.82717036279999",2013
"CE","CLASSE IV","59.449292601999986",2013
"RN","CLASSE I","1.7714212",2013
"RN","CLASSE II","124.33099100000007",2013
"RN","CLASSE III","120.26900467600002",2013
"RN","CLASSE IV","33.013540252000013",2013
"PB","CLASSE I","3.1673396999999994",2013
"PB","CLASSE II","270.58813219500007",2013
"PB","CLASSE III","410.06833990000007",2013
"PB","CLASSE IV","26.848409440000005",2013
"PE","CLASSE I","13.471222000000001",2013
"PE","CLASSE II","890.81467814385053",2013
"PE","CLASSE III","1192.5285746899992",2013
"PE","CLASSE IV","235.52405576289999",2013
"AL","CLASSE I","5.8031847000000001",2013
"AL","CLASSE II","712.9788289249999",2013
"AL","CLASSE III","897.91260828399982",2013
"AL","CLASSE IV","21.270402478000001",2013
"SE","CLASSE I","4.8224102999999996",2013
"SE","CLASSE II","110.13795509200008",2013
"SE","CLASSE III","315.22515404399996",2013
"SE","CLASSE IV","20.974723800000003",2013
"BA","CLASSE I","235.31940300000002",2013
"BA","CLASSE II","9819.3530908919947",2013
"BA","CLASSE III","15166.937307048005",2013
"BA","CLASSE IV","1203.6996664401506",2013
"SUDESTE","CLASSE I","561.47291370000005",2013
"SUDESTE","CLASSE II","36764.436379879917",2013
"SUDESTE","CLASSE III","66717.396640904393",2013
"SUDESTE","CLASSE IV","8883.5389120332693",2013
"ES","CLASSE I","12.791787800000002",2013
"ES","CLASSE II","944.08535419516011",2013
"ES","CLASSE III","2522.1361691519992",2013
"ES","CLASSE IV","134.75235231000002",2013
"MG","CLASSE I","190.05948469999998",2013
"MG","CLASSE II","10090.550974898058",2013
"MG","CLASSE III","21894.629070620027",2013
"MG","CLASSE IV","2306.7802764159401",2013
"RJ","CLASSE I","11.732313099999997",2013
"RJ","CLASSE II","306.11678318099985",2013
"RJ","CLASSE III","509.10940578400022",2013
"RJ","CLASSE IV","47.974460957999987",2013
"SP","CLASSE I","346.88932810000006",2013
"SP","CLASSE II","25423.683267605698",2013
"SP","CLASSE III","41791.521995348361",2013
"SP","CLASSE IV","6394.0318223493305",2013
"SUL","CLASSE I","805.50650685900007",2013
"SUL","CLASSE II","28070.146968626155",2013
"SUL","CLASSE III","82417.567535761948",2013
"SUL","CLASSE IV","7885.8306822024369",2013
"PR","CLASSE I","408.05227115900004",2013
"PR","CLASSE II","14126.225086876413",2013
"PR","CLASSE III","38848.705919630433",2013
"PR","CLASSE IV","4310.6319113578984",2013
"SC","CLASSE I","64.652549599999986",2013
"SC","CLASSE II","3164.0946437139405",2013
"SC","CLASSE III","6893.4005279115081",2013
"SC","CLASSE IV","642.41379861019982",2013
"RS","CLASSE I","332.80168610000004",2013
"RS","CLASSE II","10779.827238035805",2013
"RS","CLASSE III","36675.461088220014",2013
"RS","CLASSE IV","2932.7849722343385",2013
"CENTRO-OESTE","CLASSE I","1279.1034639",2013
"CENTRO-OESTE","CLASSE II","47177.951239719463",2013
"CENTRO-OESTE","CLASSE III","103064.550828772",2013
"CENTRO-OESTE","CLASSE IV","8332.1693229989633",2013
"DF","CLASSE I","11.435082899999999",2013
"DF","CLASSE II","261.09564476984008",2013
"DF","CLASSE III","526.01501411999982",2013
"DF","CLASSE IV","41.078280409999998",2013
"GO","CLASSE I","364.31455759999994",2013
"GO","CLASSE II","13254.025054801488",2013
"GO","CLASSE III","30772.691483539991",2013
"GO","CLASSE IV","2332.1206300910412",2013
"MS","CLASSE I","168.06217520000001",2013
"MS","CLASSE II","7400.4901408477181",2013
"MS","CLASSE III","16192.424776062002",2013
"MS","CLASSE IV","1009.6410641681003",2013
"MT","CLASSE I","735.29164820000005",2013
"MT","CLASSE II","26262.340399300421",2013
"MT","CLASSE III","55573.419555050008",2013
"MT","CLASSE IV","4949.3293483298212",2013
"Vendas sem definição","CLASSE I","1845.9785420999999",2013
"Vendas sem definição","CLASSE II","23153.510705405006",2013
"Vendas sem definição","CLASSE III","19553.907620499995",2013
"Vendas sem definição","CLASSE IV","340.34847484000005",2013
"Vendas Totais","CLASSE I","4957.5576148590008",2013
"Vendas Totais","CLASSE II","155178.84987615808",2013
"Vendas Totais","CLASSE III","307444.40595033119",2013
"Vendas Totais","CLASSE IV","28183.735726739724",2013
"NORTE","CLASSE I","102.67248699999999",2014
"NORTE","CLASSE II","5289.1280278361073",2014
"NORTE","CLASSE III","11167.964773879299",2014
"NORTE","CLASSE IV","882.33266499999979",2014
"AC","CLASSE I","0.15610000000000002",2014
"AC","CLASSE II","101.23023158000001",2014
"AC","CLASSE III","438.91344737999998",2014
"AC","CLASSE IV","4.5138590000000001",2014
"AM","CLASSE I","4.3030270999999995",2014
"AM","CLASSE II","8.9160463300000004",2014
"AM","CLASSE III","37.881662076000005",2014
"AM","CLASSE IV","0.44371923000000002",2014
"AP","CLASSE I","0",2014
"AP","CLASSE II","73.56135780000001",2014
"AP","CLASSE III","91.232909200000009",2014
"AP","CLASSE IV","1.3027299000000001",2014
"PA","CLASSE I","22.250394600000003",2014
"PA","CLASSE II","1757.8381126449592",2014
"PA","CLASSE III","3326.2140606825005",2014
"PA","CLASSE IV","206.04064502999998",2014
"RO","CLASSE I","36.274710900000002",2014
"RO","CLASSE II","1380.7890234018294",2014
"RO","CLASSE III","3034.9451044600023",2014
"RO","CLASSE IV","256.83066040999995",2014
"RR","CLASSE I","1.0571000000000002",2014
"RR","CLASSE II","136.48985173700004",2014
"RR","CLASSE III","422.55495111999994",2014
"RR","CLASSE IV","24.998741430000003",2014
"TO","CLASSE I","38.631154399999993",2014
"TO","CLASSE II","1830.3034043423183",2014
"TO","CLASSE III","3816.2226389607972",2014
"TO","CLASSE IV","388.2023099999999",2014
"NORDESTE","CLASSE I","414.03019219999987",2014
"NORDESTE","CLASSE II","17139.602797354823",2014
"NORDESTE","CLASSE III","29746.626759689294",2014
"NORDESTE","CLASSE IV","2897.4645586249999",2014
"MA","CLASSE I","107.61797389999998",2014
"MA","CLASSE II","2519.2334149462285",2014
"MA","CLASSE III","6817.0185199568996",2014
"MA","CLASSE IV","297.76144832",2014
"PI","CLASSE I","42.02395469999999",2014
"PI","CLASSE II","1668.7905976792097",2014
"PI","CLASSE III","3508.1850800999991",2014
"PI","CLASSE IV","301.97412236999986",2014
"CE","CLASSE I","5.8709734000000005",2014
"CE","CLASSE II","154.70736286169998",2014
"CE","CLASSE III","258.49461613840015",2014
"CE","CLASSE IV","124.48950596999998",2014
"RN","CLASSE I","1.0323361",2014
"RN","CLASSE II","194.69445369158007",2014
"RN","CLASSE III","136.04264514999997",2014
"RN","CLASSE IV","54.965666670000005",2014
"PB","CLASSE I","0.50818390000000002",2014
"PB","CLASSE II","294.12167038000007",2014
"PB","CLASSE III","341.33194082",2014
"PB","CLASSE IV","18.238954000000003",2014
"PE","CLASSE I","9.5679643000000016",2014
"PE","CLASSE II","910.229519511901",2014
"PE","CLASSE III","1422.5269186960002",2014
"PE","CLASSE IV","282.47582134999993",2014
"AL","CLASSE I","3.7283836000000004",2014
"AL","CLASSE II","808.94812463100016",2014
"AL","CLASSE III","1012.183154962",2014
"AL","CLASSE IV","14.523863700000001",2014
"SE","CLASSE I","1.8708141000000003",2014
"SE","CLASSE II","108.44218553000006",2014
"SE","CLASSE III","425.14686177999994",2014
"SE","CLASSE IV","30.211976600000003",2014
"BA","CLASSE I","241.8096081999999",2014
"BA","CLASSE II","10480.435468123203",2014
"BA","CLASSE III","15825.697022085995",2014
"BA","CLASSE IV","1772.8231996450004",2014
"SUDESTE","CLASSE I","844.77800000000002",2014
"SUDESTE","CLASSE II","39998.906855905065",2014
"SUDESTE","CLASSE III","59830.423763435996",2014
"SUDESTE","CLASSE IV","10144.299466725",2014
"ES","CLASSE I","11.646752400000002",2014
"ES","CLASSE II","900.05948344208957",2014
"ES","CLASSE III","2457.1808231760001",2014
"ES","CLASSE IV","150.69585491000004",2014
"MG","CLASSE I","257.55986380000007",2014
"MG","CLASSE II","9858.0102862878139",2014
"MG","CLASSE III","21090.132343567682",2014
"MG","CLASSE IV","2254.6202217749997",2014
"RJ","CLASSE I","5.3538249000000011",2014
"RJ","CLASSE II","253.50929702929",2014
"RJ","CLASSE III","407.66182520400002",2014
"RJ","CLASSE IV","48.600315739999985",2014
"SP","CLASSE I","570.21793009999988",2014
"SP","CLASSE II","28987.327789145875",2014
"SP","CLASSE III","35875.448771488314",2014
"SP","CLASSE IV","7690.3830743000008",2014
"SUL","CLASSE I","803.97500000000002",2014
"SUL","CLASSE II","30724.888082215199",2014
"SUL","CLASSE III","86798.715788222413",2014
"SUL","CLASSE IV","8673.0255871499994",2014
"PR","CLASSE I","385.19925859999984",2014
"PR","CLASSE II","14230.130429240742",2014
"PR","CLASSE III","38489.909058654404",2014
"PR","CLASSE IV","4751.6535009199997",2014
"SC","CLASSE I","66.006251900000009",2014
"SC","CLASSE II","3156.392683310969",2014
"SC","CLASSE III","6877.3002627080032",2014
"SC","CLASSE IV","688.48567889000026",2014
"RS","CLASSE I","352.76938319999999",2014
"RS","CLASSE II","13338.364969663487",2014
"RS","CLASSE III","41431.506466860003",2014
"RS","CLASSE IV","3232.8864073399996",2014
"CENTRO-OESTE","CLASSE I","1589.6079999999999",2014
"CENTRO-OESTE","CLASSE II","52157.444948511926",2014
"CENTRO-OESTE","CLASSE III","103824.39083699348",2014
"CENTRO-OESTE","CLASSE IV","8610.3440539200019",2014
"DF","CLASSE I","8.2502457000000007",2014
"DF","CLASSE II","239.48538133788992",2014
"DF","CLASSE III","484.93022006000007",2014
"DF","CLASSE IV","40.710653740000012",2014
"GO","CLASSE I","363.01467390000005",2014
"GO","CLASSE II","13340.71410970145",2014
"GO","CLASSE III","28851.56401162751",2014
"GO","CLASSE IV","2300.2727013599997",2014
"MS","CLASSE I","221.03984030000001",2014
"MS","CLASSE II","8815.3640160583072",2014
"MS","CLASSE III","19093.844609850006",2014
"MS","CLASSE IV","1132.1355614800002",2014
"MT","CLASSE I","997.30279389999976",2014
"MT","CLASSE II","29761.881441414273",2014
"MT","CLASSE III","55394.051995455964",2014
"MT","CLASSE IV","5137.2251373400013",2014
"Vendas sem definição","CLASSE I","1040.1790199000004",2014
"Vendas sem definição","CLASSE II","19714.570302445001",2014
"Vendas sem definição","CLASSE III","16139.443495414203",2014
"Vendas sem definição","CLASSE IV","22.027097200000004",2014
"Vendas Totais","CLASSE I","4795.2420000000002",2014
"Vendas Totais","CLASSE II","165024.54101426812",2014
"Vendas Totais","CLASSE III","307507.56541763479",2014
"Vendas Totais","CLASSE IV","31229.493428620015",2014
"NORTE","CLASSE I","94.861397699999998",2015
"NORTE","CLASSE II","5313.5594456776098",2015
"NORTE","CLASSE III","11708.471095152001",2015
"NORTE","CLASSE IV","914.87863369000002",2015
"AC","CLASSE I","0.024",2015
"AC","CLASSE II","80.173692020000004",2015
"AC","CLASSE III","338.74643656000023",2015
"AC","CLASSE IV","7.1681345900000002",2015
"AM","CLASSE I","3.5054250000000002",2015
"AM","CLASSE II","6.3174181000000011",2015
"AM","CLASSE III","31.003821640000002",2015
"AM","CLASSE IV","0.84252727999999999",2015
"AP","CLASSE I","0",2015
"AP","CLASSE II","2.3867200000000004",2015
"AP","CLASSE III","51.809139999999999",2015
"AP","CLASSE IV","0.4995",2015
"PA","CLASSE I","17.620355800000002",2015
"PA","CLASSE II","2257.5456943362497",2015
"PA","CLASSE III","3645.0119980919976",2015
"PA","CLASSE IV","263.36166400000002",2015
"RO","CLASSE I","27.293181399999998",2015
"RO","CLASSE II","1135.2954597094806",2015
"RO","CLASSE III","2704.2573218800012",2015
"RO","CLASSE IV","190.23705316000002",2015
"RR","CLASSE I","0.21375",2015
"RR","CLASSE II","74.504149830000003",2015
"RR","CLASSE III","421.79047148000029",2015
"RR","CLASSE IV","20.661980790000001",2015
"TO","CLASSE I","46.204685499999997",2015
"TO","CLASSE II","1757.3363116818796",2015
"TO","CLASSE III","4515.8519055000015",2015
"TO","CLASSE IV","432.10777386999996",2015
"NORDESTE","CLASSE I","315.14098150000007",2015
"NORDESTE","CLASSE II","13634.416314875758",2015
"NORDESTE","CLASSE III","23235.399507539994",2015
"NORDESTE","CLASSE IV","3042.1893531199994",2015
"MA","CLASSE I","55.807082100000009",2015
"MA","CLASSE II","1991.43900746284",2015
"MA","CLASSE III","5259.1037940599954",2015
"MA","CLASSE IV","367.1224274700001",2015
"PI","CLASSE I","44.757238900000004",2015
"PI","CLASSE II","1071.8930283715902",2015
"PI","CLASSE III","3255.2789389",2015
"PI","CLASSE IV","231.01196073999995",2015
"CE","CLASSE I","3.1040444999999997",2015
"CE","CLASSE II","115.82488150000005",2015
"CE","CLASSE III","174.80500715999989",2015
"CE","CLASSE IV","99.585562400000015",2015
"RN","CLASSE I","1.0192131",2015
"RN","CLASSE II","128.87347789999995",2015
"RN","CLASSE III","139.4697214",2015
"RN","CLASSE IV","49.661400430000022",2015
"PB","CLASSE I","2.2715899999999998",2015
"PB","CLASSE II","306.36663563000013",2015
"PB","CLASSE III","347.55396555999999",2015
"PB","CLASSE IV","17.632182000000004",2015
"PE","CLASSE I","10.343420299999998",2015
"PE","CLASSE II","1048.3156772488603",2015
"PE","CLASSE III","1257.1537642600001",2015
"PE","CLASSE IV","247.25778776000004",2015
"AL","CLASSE I","1.5918628999999995",2015
"AL","CLASSE II","875.98930786999995",2015
"AL","CLASSE III","588.12137748000009",2015
"AL","CLASSE IV","10.847377529999999",2015
"SE","CLASSE I","3.7430289000000001",2015
"SE","CLASSE II","202.64787654",2015
"SE","CLASSE III","471.30163812000029",2015
"SE","CLASSE IV","35.389021169999999",2015
"BA","CLASSE I","192.50350080000004",2015
"BA","CLASSE II","7893.0664223524673",2015
"BA","CLASSE III","11742.611300599998",2015
"BA","CLASSE IV","1983.681633619999",2015
"SUDESTE","CLASSE I","726.47664769999994",2015
"SUDESTE","CLASSE II","45766.834537522627",2015
"SUDESTE","CLASSE III","69567.740148221012",2015
"SUDESTE","CLASSE IV","9065.6814514339949",2015
"ES","CLASSE I","8.0517918000000002",2015
"ES","CLASSE II","990.03694982000013",2015
"ES","CLASSE III","1934.31572532",2015
"ES","CLASSE IV","177.89011980999999",2015
"MG","CLASSE I","222.43837409999995",2015
"MG","CLASSE II","9941.8259580205613",2015
"MG","CLASSE III","21305.748301885018",2015
"MG","CLASSE IV","2195.688576290001",2015
"RJ","CLASSE I","6.6986251000000001",2015
"RJ","CLASSE II","233.34832028000002",2015
"RJ","CLASSE III","356.64585221999994",2015
"RJ","CLASSE IV","49.361724159999994",2015
"SP","CLASSE I","489.28785670000002",2015
"SP","CLASSE II","34601.623309402064",2015
"SP","CLASSE III","45971.030268795992",2015
"SP","CLASSE IV","6642.7410311739941",2015
"SUL","CLASSE I","856.40824090000012",2015
"SUL","CLASSE II","33936.581106831392",2015
"SUL","CLASSE III","92966.501670456491",2015
"SUL","CLASSE IV","10853.67833841",2015
"PR","CLASSE I","443.18961945000007",2015
"PR","CLASSE II","17216.282608891423",2015
"PR","CLASSE III","43724.436403106483",2015
"PR","CLASSE IV","6132.064668009999",2015
"SC","CLASSE I","98.821215299999992",2015
"SC","CLASSE II","3700.6555296362603",2015
"SC","CLASSE III","8442.8452673500014",2015
"SC","CLASSE IV","867.3871704999998",2015
"RS","CLASSE I","314.39740615000005",2015
"RS","CLASSE II","13019.642968303708",2015
"RS","CLASSE III","40799.220000000001",2015
"RS","CLASSE IV","3854.2264999000008",2015
"CENTRO-OESTE","CLASSE I","1851.2845182999997",2015
"CENTRO-OESTE","CLASSE II","51377.657628312816",2015
"CENTRO-OESTE","CLASSE III","107732.54339785001",2015
"CENTRO-OESTE","CLASSE IV","10421.238794509998",2015
"DF","CLASSE I","6.4971677999999988",2015
"DF","CLASSE II","156.76366879816999",2015
"DF","CLASSE III","353.72948544000019",2015
"DF","CLASSE IV","38.138668679999995",2015
"GO","CLASSE I","432.92825730000004",2015
"GO","CLASSE II","12238.82327346714",2015
"GO","CLASSE III","29040.608735990001",2015
"GO","CLASSE IV","2216.5402424099998",2015
"MS","CLASSE I","301.95422559999992",2015
"MS","CLASSE II","8870.1667947933711",2015
"MS","CLASSE III","22669.912664340001",2015
"MS","CLASSE IV","1654.22499988",2015
"MT","CLASSE I","1109.9048675999998",2015
"MT","CLASSE II","30111.903891254136",2015
"MT","CLASSE III","55668.292512080014",2015
"MT","CLASSE IV","6512.3348835399984",2015
"Vendas sem definição","CLASSE I","438.64970280000011",2015
"Vendas sem definição","CLASSE II","14734.127106284997",2015
"Vendas sem definição","CLASSE III","12331.173211681053",2015
"Vendas sem definição","CLASSE IV","639.90438780000022",2015
"Vendas Totais","CLASSE I","4282.8214889000001",2015
"Vendas Totais","CLASSE II","164763.1761395052",2015
"Vendas Totais","CLASSE III","317541.82903090061",2015
"Vendas Totais","CLASSE IV","34937.570958963988",2015
"NORTE","CLASSE I","128.38218599999999",2016
"NORTE","CLASSE II","5873.9122358815002",2016
"NORTE","CLASSE III","14796.656338479999",2016
"NORTE","CLASSE IV","1054.47173763",2016
"AC","CLASSE I","4.5830253000000001",2016
"AC","CLASSE II","119.75688855",2016
"AC","CLASSE III","908.82462208000004",2016
"AC","CLASSE IV","13.36655287",2016
"AM","CLASSE I","0.66720000000000002",2016
"AM","CLASSE II","19.881891400000001",2016
"AM","CLASSE III","75.775715379999994",2016
"AM","CLASSE IV","2.1906820300000001",2016
"AP","CLASSE I","0",2016
"AP","CLASSE II","2.998815",2016
"AP","CLASSE III","84.199618000000001",2016
"AP","CLASSE IV","0.56708157999999997",2016
"PA","CLASSE I","21.157305600000001",2016
"PA","CLASSE II","2279.7656579091999",2016
"PA","CLASSE III","5339.07057532",2016
"PA","CLASSE IV","362.88152351000002",2016
"RO","CLASSE I","50.353367599999999",2016
"RO","CLASSE II","1648.2225655744001",2016
"RO","CLASSE III","3624.9137064000001",2016
"RO","CLASSE IV","221.65867829000001",2016
"RR","CLASSE I","0.17397499999999999",2016
"RR","CLASSE II","70.027360650000006",2016
"RR","CLASSE III","183.31105235999999",2016
"RR","CLASSE IV","17.043942489999999",2016
"TO","CLASSE I","51.447312500000002",2016
"TO","CLASSE II","1733.2590567979",2016
"TO","CLASSE III","4580.5610489399996",2016
"TO","CLASSE IV","436.76327686000002",2016
"NORDESTE","CLASSE I","588.02374589999999",2016
"NORDESTE","CLASSE II","13984.018297229801",2016
"NORDESTE","CLASSE III","26602.39464423",2016
"NORDESTE","CLASSE IV","2592.1284351899999",2016
"MA","CLASSE I","21.5361972",2016
"MA","CLASSE II","2123.2005545078",2016
"MA","CLASSE III","6483.6601757600001",2016
"MA","CLASSE IV","335.52772788999999",2016
"PI","CLASSE I","26.183408700000001",2016
"PI","CLASSE II","1117.772326581",2016
"PI","CLASSE III","3425.362768",2016
"PI","CLASSE IV","241.29934589999999",2016
"CE","CLASSE I","4.7320215000000001",2016
"CE","CLASSE II","137.43899314999999",2016
"CE","CLASSE III","354.62829420000003",2016
"CE","CLASSE IV","38.399420910000003",2016
"RN","CLASSE I","3.0867184999999999",2016
"RN","CLASSE II","195.293768914",2016
"RN","CLASSE III","161.23842464000001",2016
"RN","CLASSE IV","53.547431029999998",2016
"PB","CLASSE I","2.0156375",2016
"PB","CLASSE II","336.88309714000002",2016
"PB","CLASSE III","383.47171644000002",2016
"PB","CLASSE IV","34.475428999999998",2016
"PE","CLASSE I","10.377921199999999",2016
"PE","CLASSE II","1204.0619362360001",2016
"PE","CLASSE III","1572.22698399",2016
"PE","CLASSE IV","150.63609828",2016
"AL","CLASSE I","2.3327",2016
"AL","CLASSE II","755.41508687999999",2016
"AL","CLASSE III","710.50663910000003",2016
"AL","CLASSE IV","12.28027576",2016
"SE","CLASSE I","2.8188974999999998",2016
"SE","CLASSE II","234.48791187",2016
"SE","CLASSE III","506.28433194000002",2016
"SE","CLASSE IV","25.935822559999998",2016
"BA","CLASSE I","514.94024379999996",2016
"BA","CLASSE II","7879.4646219509996",2016
"BA","CLASSE III","13005.015310160001",2016
"BA","CLASSE IV","1700.02688386",2016
"SUDESTE","CLASSE I","746.99281274999998",2016
"SUDESTE","CLASSE II","38584.631834017397",2016
"SUDESTE","CLASSE III","68274.467107080898",2016
"SUDESTE","CLASSE IV","9626.8548694199999",2016
"ES","CLASSE I","12.130214799999999",2016
"ES","CLASSE II","902.04071193399898",2016
"ES","CLASSE III","1958.9220217396",2016
"ES","CLASSE IV","133.20551673",2016
"MG","CLASSE I","254.94409690000001",2016
"MG","CLASSE II","10889.199824617701",2016
"MG","CLASSE III","23605.297771534999",2016
"MG","CLASSE IV","2322.0393368300001",2016
"RJ","CLASSE I","4.4864633999999999",2016
"RJ","CLASSE II","271.18990013000001",2016
"RJ","CLASSE III","408.66714975999997",2016
"RJ","CLASSE IV","26.27828418",2016
"SP","CLASSE I","475.43203764999998",2016
"SP","CLASSE II","26522.201397335699",2016
"SP","CLASSE III","42301.580164046398",2016
"SP","CLASSE IV","7145.3317316800003",2016
"SUL","CLASSE I","978.22548664999999",2016
"SUL","CLASSE II","38239.855305197801",2016
"SUL","CLASSE III","98291.195430371707",2016
"SUL","CLASSE IV","10126.431593540001",2016
"PR","CLASSE I","497.3949217",2016
"PR","CLASSE II","18163.565699978899",2016
"PR","CLASSE III","38655.247457880796",2016
"PR","CLASSE IV","5993.3712159300003",2016
"SC","CLASSE I","70.353093999999999",2016
"SC","CLASSE II","3894.2292262317001",2016
"SC","CLASSE III","7401.3618357400001",2016
"SC","CLASSE IV","705.11815701",2016
"RS","CLASSE I","410.47747095",2016
"RS","CLASSE II","16182.0603789872",2016
"RS","CLASSE III","42782.426136750903",2016
"RS","CLASSE IV","3427.9422205999999",2016
"CENTRO-OESTE","CLASSE I","1901.8636899999999",2016
"CENTRO-OESTE","CLASSE II","57361.7433237406",2016
"CENTRO-OESTE","CLASSE III","114579.213154625",2016
"CENTRO-OESTE","CLASSE IV","11687.20513584",2016
"DF","CLASSE I","10.0193274",2016
"DF","CLASSE II","233.01289191539999",2016
"DF","CLASSE III","598.04393703999995",2016
"DF","CLASSE IV","54.547813509999997",2016
"GO","CLASSE I","450.97889800000002",2016
"GO","CLASSE II","13834.5342170684",2016
"GO","CLASSE III","29796.705167445001",2016
"GO","CLASSE IV","2647.68068365",2016
"MS","CLASSE I","412.18648480000002",2016
"MS","CLASSE II","9868.3179273870992",2016
"MS","CLASSE III","20672.29171722",2016
"MS","CLASSE IV","2050.66086997",2016
"MT","CLASSE I","1028.6789798",2016
"MT","CLASSE II","33425.878287369698",2016
"MT","CLASSE III","63512.172332920003",2016
"MT","CLASSE IV","6934.3157687100002",2016
"Vendas sem definição","CLASSE I","1206.4122149",2016
"Vendas sem definição","CLASSE II","13077.0224139889",2016
"Vendas sem definição","CLASSE III","20596.232186627702",2016
"Vendas sem definição","CLASSE IV","414.9172858",2016
"Vendas Totais","CLASSE I","5549.9001361999999",2016
"Vendas Totais","CLASSE II","167121.18341005599",2016
"Vendas Totais","CLASSE III","333687.99886141537",2016
"Vendas Totais","CLASSE IV","35502.00905742",2016
"NORTE","CLASSE I","196.8278148",2017
"NORTE","CLASSE II","7656.4240972043999",2017
"NORTE","CLASSE III","19026.408192110001",2017
"NORTE","CLASSE IV","941.63497782000002",2017
"AC","CLASSE I","4.8049042999999996",2017
"AC","CLASSE II","162.27949172999999",2017
"AC","CLASSE III","800.95731316000001",2017
"AC","CLASSE IV","17.531973570000002",2017
"AM","CLASSE I","1.2184758",2017
"AM","CLASSE II","64.916789599999902",2017
"AM","CLASSE III","79.895387040000003",2017
"AM","CLASSE IV","3.2622890999999998",2017
"AP","CLASSE I","0.097500000000000003",2017
"AP","CLASSE II","6.6888775000000003",2017
"AP","CLASSE III","106.670873",2017
"AP","CLASSE IV","0.0011800000000000001",2017
"PA","CLASSE I","47.381120000000003",2017
"PA","CLASSE II","2640.1803164900002",2017
"PA","CLASSE III","8699.9655515699906",2017
"PA","CLASSE IV","219.32044676999999",2017
"RO","CLASSE I","67.664516399999997",2017
"RO","CLASSE II","2218.0897434160001",2017
"RO","CLASSE III","3839.2208052800001",2017
"RO","CLASSE IV","192.21147999999999",2017
"RR","CLASSE I","1.9278183",2017
"RR","CLASSE II","48.605763349999997",2017
"RR","CLASSE III","280.69558776000002",2017
"RR","CLASSE IV","7.2587354800000004",2017
"TO","CLASSE I","73.73348",2017
"TO","CLASSE II","2515.6631151184001",2017
"TO","CLASSE III","5219.0026742999898",2017
"TO","CLASSE IV","502.04887290000005",2017
"NORDESTE","CLASSE I","476.70587130000001",2017
"NORDESTE","CLASSE II","16143.110467841499",2017
"NORDESTE","CLASSE III","30749.354740085",2017
"NORDESTE","CLASSE IV","2773.0310600900002",2017
"MA","CLASSE I","101.3540742",2017
"MA","CLASSE II","2495.5693271800001",2017
"MA","CLASSE III","7535.7639813400001",2017
"MA","CLASSE IV","533.14703458000008",2017
"PI","CLASSE I","79.780011799999997",2017
"PI","CLASSE II","1430.48286783",2017
"PI","CLASSE III","4531.60856866001",2017
"PI","CLASSE IV","283.50386232",2017
"CE","CLASSE I","6.8800695000000003",2017
"CE","CLASSE II","164.58939228919999",2017
"CE","CLASSE III","408.58535630000102",2017
"CE","CLASSE IV","37.462467759999996",2017
"RN","CLASSE I","1.8224282000000001",2017
"RN","CLASSE II","118.3790519688",2017
"RN","CLASSE III","143.59368438000001",2017
"RN","CLASSE IV","51.364935150000001",2017
"PB","CLASSE I","1.653645",2017
"PB","CLASSE II","385.65794840000001",2017
"PB","CLASSE III","366.1737493",2017
"PB","CLASSE IV","33.515820999999995",2017
"PE","CLASSE I","9.1238352999999996",2017
"PE","CLASSE II","943.26069147400005",2017
"PE","CLASSE III","1434.75378374",2017
"PE","CLASSE IV","135.26607640999998",2017
"AL","CLASSE I","3.2039583999999999",2017
"AL","CLASSE II","977.8114434547",2017
"AL","CLASSE III","660.14035595999997",2017
"AL","CLASSE IV","6.3478755000000007",2017
"SE","CLASSE I","4.4640269999999997",2017
"SE","CLASSE II","379.94663129280002",2017
"SE","CLASSE III","534.43734910000001",2017
"SE","CLASSE IV","24.115497529999999",2017
"BA","CLASSE I","268.42382190000001",2017
"BA","CLASSE II","9247.4131139520105",2017
"BA","CLASSE III","15134.297911305001",2017
"BA","CLASSE IV","1668.30748984",2017
"SUDESTE","CLASSE I","1132.2085959999999",2017
"SUDESTE","CLASSE II","40988.407190467602",2017
"SUDESTE","CLASSE III","65365.217468238203",2017
"SUDESTE","CLASSE IV","10669.025298440009",2017
"ES","CLASSE I","12.630562899999999",2017
"ES","CLASSE II","1032.7433891799999",2017
"ES","CLASSE III","2496.1360218057998",2017
"ES","CLASSE IV","172.37929523999998",2017
"MG","CLASSE I","320.53426359999997",2017
"MG","CLASSE II","11600.844335128801",2017
"MG","CLASSE III","22375.787801189999",2017
"MG","CLASSE IV","2244.35903732",2017
"RJ","CLASSE I","4.1184778",2017
"RJ","CLASSE II","270.65928052999999",2017
"RJ","CLASSE III","368.45746105000001",2017
"RJ","CLASSE IV","23.551257199999998",2017
"SP","CLASSE I","794.9252917",2017
"SP","CLASSE II","28084.1601856288",2017
"SP","CLASSE III","40124.836184192398",2017
"SP","CLASSE IV","8228.7357086800093",2017
"SUL","CLASSE I","906.43323095000005",2017
"SUL","CLASSE II","37530.018202709303",2017
"SUL","CLASSE III","96406.465466879396",2017
"SUL","CLASSE IV","9059.106272269999",2017
"PR","CLASSE I","469.66229414999998",2017
"PR","CLASSE II","16324.781741069601",2017
"PR","CLASSE III","39388.043884732797",2017
"PR","CLASSE IV","4947.5211045599999",2017
"SC","CLASSE I","64.8951919",2017
"SC","CLASSE II","3198.2646957063998",2017
"SC","CLASSE III","8776.9340880300006",2017
"SC","CLASSE IV","588.28022395999994",2017
"RS","CLASSE I","371.87574489999997",2017
"RS","CLASSE II","18006.9717659333",2017
"RS","CLASSE III","48241.487494116598",2017
"RS","CLASSE IV","3523.3049437499999",2017
"CENTRO-OESTE","CLASSE I","1839.2507472",2017
"CENTRO-OESTE","CLASSE II","59812.554882370001",2017
"CENTRO-OESTE","CLASSE III","103054.52128056",2017
"CENTRO-OESTE","CLASSE IV","13837.491867249999",2017
"DF","CLASSE I","9.1995667999999995",2017
"DF","CLASSE II","249.52657438",2017
"DF","CLASSE III","462.94416131999998",2017
"DF","CLASSE IV","66.450843890000101",2017
"GO","CLASSE I","414.05916009999999",2017
"GO","CLASSE II","14631.44928956",2017
"GO","CLASSE III","25865.382781780001",2017
"GO","CLASSE IV","2555.4039819599998",2017
"MS","CLASSE I","344.58033010000003",2017
"MS","CLASSE II","10494.958580514",2017
"MS","CLASSE III","20947.700844750001",2017
"MS","CLASSE IV","1863.6972842700002",2017
"MT","CLASSE I","1071.4116902000001",2017
"MT","CLASSE II","34436.620437915997",2017
"MT","CLASSE III","55778.493492709997",2017
"MT","CLASSE IV","9351.9397571299996",2017
"Vendas sem definição","CLASSE I","498.7582984",2017
"Vendas sem definição","CLASSE II","10838.502657843999",2017
"Vendas sem definição","CLASSE III","9778.7996761108006",2017
"Vendas sem definição","CLASSE IV","264.68816470000002",2017
"Vendas Totais","CLASSE I","5050.1845586500003",2017
"Vendas Totais","CLASSE II","172969.017498437",2017
"Vendas Totais","CLASSE III","324380.76682398299",2017
"Vendas Totais","CLASSE IV","37544.97764057001",2017
"NORTE","CLASSE I","267.18368879999997",2018
"NORTE","CLASSE II","6820.6156479969986",2018
"NORTE","CLASSE III","15819.399463616008",2018
"NORTE","CLASSE IV","112.40680407000004",2018
"AC","CLASSE I","0.49443999999999988",2018
"AC","CLASSE II","125.36497978799999",2018
"AC","CLASSE III","651.33856276999973",2018
"AC","CLASSE IV","0",2018
"AM","CLASSE I","0.34860000000000002",2018
"AM","CLASSE II","28.586071799999999",2018
"AM","CLASSE III","113.40688469000001",2018
"AM","CLASSE IV","0.13999999999999999",2018
"AP","CLASSE I","1.4098158000000003",2018
"AP","CLASSE II","6.7715120000000004",2018
"AP","CLASSE III","97.727704999999986",2018
"AP","CLASSE IV","0.24091199999999999",2018
"PA","CLASSE I","76.741777499999998",2018
"PA","CLASSE II","2942.8395446059976",2018
"PA","CLASSE III","5934.0808855500009",2018
"PA","CLASSE IV","49.774508550000014",2018
"RO","CLASSE I","81.670035499999997",2018
"RO","CLASSE II","1603.9211613720004",2018
"RO","CLASSE III","3390.1181560900027",2018
"RO","CLASSE IV","28.421044240000004",2018
"RR","CLASSE I","3.7980199999999997",2018
"RR","CLASSE II","41.632042049999995",2018
"RR","CLASSE III","253.51109939999998",2018
"RR","CLASSE IV","6.612730280000001",2018
"TO","CLASSE I","102.721",2018
"TO","CLASSE II","2071.5003363810006",2018
"TO","CLASSE III","5379.216170116003",2018
"TO","CLASSE IV","27.217609000000007",2018
"NORDESTE","CLASSE I","618.39240979999988",2018
"NORDESTE","CLASSE II","18206.012142046209",2018
"NORDESTE","CLASSE III","29286.967838318997",2018
"NORDESTE","CLASSE IV","525.97600751000004",2018
"MA","CLASSE I","102.26724049999997",2018
"MA","CLASSE II","2651.1819618360005",2018
"MA","CLASSE III","6322.7289142800037",2018
"MA","CLASSE IV","39.063868990000003",2018
"PI","CLASSE I","95.154215999999991",2018
"PI","CLASSE II","1498.001768245",2018
"PI","CLASSE III","3513.5520758599987",2018
"PI","CLASSE IV","5.413318900000001",2018
"CE","CLASSE I","6.2737897",2018
"CE","CLASSE II","129.08912529",2018
"CE","CLASSE III","485.07475102000012",2018
"CE","CLASSE IV","9.4903327300000022",2018
"RN","CLASSE I","5.5336674000000006",2018
"RN","CLASSE II","216.48328915499991",2018
"RN","CLASSE III","130.03475909000005",2018
"RN","CLASSE IV","12.81285956",2018
"PB","CLASSE I","1.99369",2018
"PB","CLASSE II","460.27661975300015",2018
"PB","CLASSE III","424.06991167000007",2018
"PB","CLASSE IV","16.207233600000002",2018
"PE","CLASSE I","11.886685999999997",2018
"PE","CLASSE II","964.54588980679921",2018
"PE","CLASSE III","1591.2827780149994",2018
"PE","CLASSE IV","62.943274729999999",2018
"AL","CLASSE I","6.5774404999999989",2018
"AL","CLASSE II","785.1334300460004",2018
"AL","CLASSE III","920.91788725999993",2018
"AL","CLASSE IV","5.2511979999999996",2018
"SE","CLASSE I","1.1273795",2018
"SE","CLASSE II","239.93114207999994",2018
"SE","CLASSE III","851.39082430000008",2018
"SE","CLASSE IV","2.8712514000000007",2018
"BA","CLASSE I","387.5783002",2018
"BA","CLASSE II","11261.368915834408",2018
"BA","CLASSE III","15047.915936823996",2018
"BA","CLASSE IV","371.92266960000012",2018
"SUDESTE","CLASSE I","1574.1515482000004",2018
"SUDESTE","CLASSE II","42754.799903958839",2018
"SUDESTE","CLASSE III","71319.331319421981",2018
"SUDESTE","CLASSE IV","11355.629398730001",2018
"ES","CLASSE I","16.309820999999996",2018
"ES","CLASSE II","1035.6263380544001",2018
"ES","CLASSE III","2890.8394014400019",2018
"ES","CLASSE IV","135.6915425600001",2018
"MG","CLASSE I","512.25382150000007",2018
"MG","CLASSE II","13618.389221278394",2018
"MG","CLASSE III","24853.04911601499",2018
"MG","CLASSE IV","1609.8567463299999",2018
"RJ","CLASSE I","5.7384864999999996",2018
"RJ","CLASSE II","361.60512776600007",2018
"RJ","CLASSE III","450.43428777999986",2018
"RJ","CLASSE IV","19.261908040000002",2018
"SP","CLASSE I","1039.8494192000003",2018
"SP","CLASSE II","27739.179216860048",2018
"SP","CLASSE III","43125.008514186993",2018
"SP","CLASSE IV","9590.8192018000009",2018
"SUL","CLASSE I","1258.0009644000002",2018
"SUL","CLASSE II","36581.653531951815",2018
"SUL","CLASSE III","93911.518907912017",2018
"SUL","CLASSE IV","1964.5162042400004",2018
"PR","CLASSE I","717.68809870000018",2018
"PR","CLASSE II","17087.540775258818",2018
"PR","CLASSE III","39840.113599138014",2018
"PR","CLASSE IV","1124.3824889500004",2018
"SC","CLASSE I","93.005425299999999",2018
"SC","CLASSE II","3222.4035028931985",2018
"SC","CLASSE III","7351.317216936005",2018
"SC","CLASSE IV","209.94520686999996",2018
"RS","CLASSE I","447.30744040000002",2018
"RS","CLASSE II","16271.709253799803",2018
"RS","CLASSE III","46720.088091837999",2018
"RS","CLASSE IV","630.18850842000006",2018
"CENTRO-OESTE","CLASSE I","2767.7063344599997",2018
"CENTRO-OESTE","CLASSE II","64857.845714080206",2018
"CENTRO-OESTE","CLASSE III","108299.70589095",2018
"CENTRO-OESTE","CLASSE IV","1774.1062157000003",2018
"DF","CLASSE I","9.8595214999999978",2018
"DF","CLASSE II","256.33638286999997",2018
"DF","CLASSE III","457.87421090999999",2018
"DF","CLASSE IV","23.723841440000005",2018
"GO","CLASSE I","559.51625510000008",2018
"GO","CLASSE II","14585.344735396193",2018
"GO","CLASSE III","28512.736965399978",2018
"GO","CLASSE IV","528.91826985",2018
"MS","CLASSE I","555.99211386000002",2018
"MS","CLASSE II","11222.538104470003",2018
"MS","CLASSE III","21829.576774583977",2018
"MS","CLASSE IV","338.1867210000002",2018
"MT","CLASSE I","1642.3384439999998",2018
"MT","CLASSE II","38793.62649134401",2018
"MT","CLASSE III","57499.517940056052",2018
"MT","CLASSE IV","883.27738340999997",2018
"Vendas sem definição","CLASSE I","305.45937350000003",2018
"Vendas sem definição","CLASSE II","18503.101916588799",2018
"Vendas sem definição","CLASSE III","19955.329055599992",2018
"Vendas sem definição","CLASSE IV","440.63061909999993",2018
"Vendas Totais","CLASSE I","6790.8943191599992",2018
"Vendas Totais","CLASSE II","187724.02885662287",2018
"Vendas Totais","CLASSE III","338592.25247581903",2018
"Vendas Totais","CLASSE IV","16173.265249350003",2018
"NORTE","CLASSE I","430.28826319999996",2019
"NORTE","CLASSE II","7752.8835596500003",2019
"NORTE","CLASSE III","18153.694805248",2019
"NORTE","CLASSE IV","7.5986004699999992",2019
"AC","CLASSE I","4.6444350000000005",2019
"AC","CLASSE II","106.03657190999998",2019
"AC","CLASSE III","412.79408092",2019
"AC","CLASSE IV","3.116e-05",2019
"AM","CLASSE I","0.2653291000000001",2019
"AM","CLASSE II","25.211455337000004",2019
"AM","CLASSE III","88.224321140000001",2019
"AM","CLASSE IV","0",2019
"AP","CLASSE I","0.27560999999999997",2019
"AP","CLASSE II","4.6447815000000006",2019
"AP","CLASSE III","102.6200722",2019
"AP","CLASSE IV","0.0063845600000000009",2019
"PA","CLASSE I","107.20762000000001",2019
"PA","CLASSE II","2881.6548985620011",2019
"PA","CLASSE III","6144.3214994800019",2019
"PA","CLASSE IV","0.26870034999999998",2019
"RO","CLASSE I","151.06648100000001",2019
"RO","CLASSE II","2188.1981983969995",2019
"RO","CLASSE III","4501.8791313199999",2019
"RO","CLASSE IV","6.4547142799999992",2019
"RR","CLASSE I","3.6435011000000008",2019
"RR","CLASSE II","61.543114337999988",2019
"RR","CLASSE III","376.2270502500001",2019
"RR","CLASSE IV","0.0023799200000000002",2019
"TO","CLASSE I","163.18528699999996",2019
"TO","CLASSE II","2485.5945396059997",2019
"TO","CLASSE III","6527.6286499379985",2019
"TO","CLASSE IV","0.86639019999999989",2019
"NORDESTE","CLASSE I","808.42324292000001",2019
"NORDESTE","CLASSE II","22264.378463379806",2019
"NORDESTE","CLASSE III","32682.070390590012",2019
"NORDESTE","CLASSE IV","312.10313365000002",2019
"MA","CLASSE I","134.475044",2019
"MA","CLASSE II","3123.8628523050029",2019
"MA","CLASSE III","7322.4397089700005",2019
"MA","CLASSE IV","1.0056147500000001",2019
"PI","CLASSE I","105.54520799999999",2019
"PI","CLASSE II","1731.4625059720006",2019
"PI","CLASSE III","4469.7463346000022",2019
"PI","CLASSE IV","0.50236277000000007",2019
"CE","CLASSE I","5.8789409999999993",2019
"CE","CLASSE II","184.23524517599992",2019
"CE","CLASSE III","548.31605469999977",2019
"CE","CLASSE IV","21.790433",2019
"RN","CLASSE I","8.8586262999999974",2019
"RN","CLASSE II","189.73725084599997",2019
"RN","CLASSE III","179.47075189999995",2019
"RN","CLASSE IV","17.144354190000005",2019
"PB","CLASSE I","6.6375898999999992",2019
"PB","CLASSE II","465.56303395000009",2019
"PB","CLASSE III","527.94755842000006",2019
"PB","CLASSE IV","7.6458641599999995",2019
"PE","CLASSE I","24.627357400000001",2019
"PE","CLASSE II","1025.5250564000007",2019
"PE","CLASSE III","1881.18276646",2019
"PE","CLASSE IV","115.55184340999999",2019
"AL","CLASSE I","7.1148250000000015",2019
"AL","CLASSE II","809.92088735300047",2019
"AL","CLASSE III","861.97749808000026",2019
"AL","CLASSE IV","2.0991248000000002",2019
"SE","CLASSE I","3.7999275000000003",2019
"SE","CLASSE II","277.00067474999958",2019
"SE","CLASSE III","983.65190102000031",2019
"SE","CLASSE IV","32.1229394",2019
"BA","CLASSE I","511.48572382000003",2019
"BA","CLASSE II","14457.070956627802",2019
"BA","CLASSE III","15907.337816440007",2019
"BA","CLASSE IV","114.24059717000002",2019
"SUDESTE","CLASSE I","2285.4065480600002",2019
"SUDESTE","CLASSE II","51297.273955637356",2019
"SUDESTE","CLASSE III","75249.324859746004",2019
"SUDESTE","CLASSE IV","11922.027969855",2019
"ES","CLASSE I","21.994168900000005",2019
"ES","CLASSE II","1069.4449596816003",2019
"ES","CLASSE III","2334.6721502000005",2019
"ES","CLASSE IV","24.15984744",2019
"MG","CLASSE I","636.90886330000001",2019
"MG","CLASSE II","16050.911208257785",2019
"MG","CLASSE III","26340.996436399997",2019
"MG","CLASSE IV","1171.7709876699998",2019
"RJ","CLASSE I","4.3716349999999995",2019
"RJ","CLASSE II","200.42339081799994",2019
"RJ","CLASSE III","375.70351413999992",2019
"RJ","CLASSE IV","8.0063117599999991",2019
"SP","CLASSE I","1622.1318808599999",2019
"SP","CLASSE II","33976.494396879971",2019
"SP","CLASSE III","46197.952759006002",2019
"SP","CLASSE IV","10718.090822985001",2019
"SUL","CLASSE I","1992.4115081600003",2019
"SUL","CLASSE II","46854.794337644315",2019
"SUL","CLASSE III","100370.90288416206",2019
"SUL","CLASSE IV","1230.97950786",2019
"PR","CLASSE I","1055.6693663600001",2019
"PR","CLASSE II","22732.227670847798",2019
"PR","CLASSE III","39099.229225816023",2019
"PR","CLASSE IV","827.47931596000001",2019
"SC","CLASSE I","141.40098249999997",2019
"SC","CLASSE II","4106.3243753178012",2019
"SC","CLASSE III","8011.2682417780024",2019
"SC","CLASSE IV","183.99264524999998",2019
"RS","CLASSE I","795.34115930000007",2019
"RS","CLASSE II","20016.242291478713",2019
"RS","CLASSE III","53260.405416568035",2019
"RS","CLASSE IV","219.50754664999999",2019
"CENTRO-OESTE","CLASSE I","4200.6460300999997",2019
"CENTRO-OESTE","CLASSE II","84909.001300192627",2019
"CENTRO-OESTE","CLASSE III","120167.0213406839",2019
"CENTRO-OESTE","CLASSE IV","702.12248470999998",2019
"DF","CLASSE I","16.418113599999998",2019
"DF","CLASSE II","332.79774672099973",2019
"DF","CLASSE III","502.76725016000012",2019
"DF","CLASSE IV","18.024036910000007",2019
"GO","CLASSE I","834.55799350000007",2019
"GO","CLASSE II","17595.947392287402",2019
"GO","CLASSE III","30678.531557211987",2019
"GO","CLASSE IV","340.22613492999994",2019
"MS","CLASSE I","775.14773300000002",2019
"MS","CLASSE II","14089.285712921212",2019
"MS","CLASSE III","23238.617739593996",2019
"MS","CLASSE IV","83.274423059999975",2019
"MT","CLASSE I","2574.5221899999997",2019
"MT","CLASSE II","52890.970448263004",2019
"MT","CLASSE III","65747.104793717925",2019
"MT","CLASSE IV","260.59788981000003",2019
"Vendas sem definição","CLASSE I","374.74723749999993",2019
"Vendas sem definição","CLASSE II","14498.563366811",2019
"Vendas sem definição","CLASSE III","21355.868874450018",2019
"Vendas sem definição","CLASSE IV","715.44753400000002",2019
"Vendas Totais","CLASSE I","10091.92282994",2019
"Vendas Totais","CLASSE II","227576.89498331511",2019
"Vendas Totais","CLASSE III","367978.88315488002",2019
"Vendas Totais","CLASSE IV","14890.279230545002",2019
"NORTE","CLASSE I","608.42333660000008",2020
"NORTE","CLASSE II","10799.093593221998",2020
"NORTE","CLASSE III","23100.693114727994",2020
"NORTE","CLASSE IV","3.0879260850000003",2020
"AC","CLASSE I","5.074352499999998",2020
"AC","CLASSE II","167.04300927099993",2020
"AC","CLASSE III","749.16326400000003",2020
"AC","CLASSE IV","4.3319999999999999e-05",2020
"AM","CLASSE I","0.14901330000000004",2020
"AM","CLASSE II","15.593143077000002",2020
"AM","CLASSE III","165.28543924000004",2020
"AM","CLASSE IV","0.0070000000000000062",2020
"AP","CLASSE I","0",2020
"AP","CLASSE II","0.53042",2020
"AP","CLASSE III","98.438536199999973",2020
"AP","CLASSE IV","0",2020
"PA","CLASSE I","146.433333",2020
"PA","CLASSE II","3992.5187947209997",2020
"PA","CLASSE III","8438.9162058999937",2020
"PA","CLASSE IV","0.88606120000000022",2020
"RO","CLASSE I","216.01202600000002",2020
"RO","CLASSE II","3079.3449969969984",2020
"RO","CLASSE III","5376.6409433719991",2020
"RO","CLASSE IV","0.35647823999999995",2020
"RR","CLASSE I","6.6111387999999991",2020
"RR","CLASSE II","101.34431549999999",2020
"RR","CLASSE III","479.23966674999986",2020
"RR","CLASSE IV","0.021536200000000002",2020
"TO","CLASSE I","234.143473",2020
"TO","CLASSE II","3442.7189136559996",2020
"TO","CLASSE III","7793.0090592660008",2020
"TO","CLASSE IV","1.8168071250000002",2020
"NORDESTE","CLASSE I","1106.6547685999999",2020
"NORDESTE","CLASSE II","26226.881045849404",2020
"NORDESTE","CLASSE III","36325.831370569998",2020
"NORDESTE","CLASSE IV","427.20053291000005",2020
"MA","CLASSE I","226.59038200000003",2020
"MA","CLASSE II","3716.4697375270025",2020
"MA","CLASSE III","7520.4847369680001",2020
"MA","CLASSE IV","1.7514148",2020
"PI","CLASSE I","205.08593700000003",2020
"PI","CLASSE II","2438.1657368530032",2020
"PI","CLASSE III","4441.1662891780006",2020
"PI","CLASSE IV","20.945678700000006",2020
"CE","CLASSE I","8.6738616000000004",2020
"CE","CLASSE II","331.85370665000011",2020
"CE","CLASSE III","781.35917459999985",2020
"CE","CLASSE IV","30.069647000000003",2020
"RN","CLASSE I","7.2479382999999986",2020
"RN","CLASSE II","229.99833009800008",2020
"RN","CLASSE III","334.69999683999987",2020
"RN","CLASSE IV","14.665223240000001",2020
"PB","CLASSE I","3.5758734999999997",2020
"PB","CLASSE II","514.80293029999973",2020
"PB","CLASSE III","729.08487785999955",2020
"PB","CLASSE IV","3.10533064",2020
"PE","CLASSE I","32.849441099999993",2020
"PE","CLASSE II","1695.6004967547992",2020
"PE","CLASSE III","2697.9014320100009",2020
"PE","CLASSE IV","46.059060410000001",2020
"AL","CLASSE I","4.3045449999999992",2020
"AL","CLASSE II","833.92658334099997",2020
"AL","CLASSE III","921.15034266999999",2020
"AL","CLASSE IV","0.43623000000000001",2020
"SE","CLASSE I","14.174187400000005",2020
"SE","CLASSE II","476.27586914200026",2020
"SE","CLASSE III","832.83514193999986",2020
"SE","CLASSE IV","30.625500000000002",2020
"BA","CLASSE I","604.15260269999999",2020
"BA","CLASSE II","15989.7876551836",2020
"BA","CLASSE III","18067.149378504",2020
"BA","CLASSE IV","279.54244812000002",2020
"SUDESTE","CLASSE I","3355.943587199999",2020
"SUDESTE","CLASSE II","54574.639418676219",2020
"SUDESTE","CLASSE III","74484.560257208039",2020
"SUDESTE","CLASSE IV","11250.25007498",2020
"ES","CLASSE I","24.530187000000002",2020
"ES","CLASSE II","1227.4122602002001",2020
"ES","CLASSE III","2977.0510439500003",2020
"ES","CLASSE IV","32.251516440000003",2020
"MG","CLASSE I","843.97777670000005",2020
"MG","CLASSE II","18789.725157111403",2020
"MG","CLASSE III","29381.819548706018",2020
"MG","CLASSE IV","1186.25999533",2020
"RJ","CLASSE I","5.8243789999999995",2020
"RJ","CLASSE II","133.2722913472",2020
"RJ","CLASSE III","97.073805729999989",2020
"RJ","CLASSE IV","11.709291479999999",2020
"SP","CLASSE I","2481.611244499999",2020
"SP","CLASSE II","34424.229710017418",2020
"SP","CLASSE III","42028.615858822013",2020
"SP","CLASSE IV","10020.02927173",2020
"SUL","CLASSE I","2680.0427248000001",2020
"SUL","CLASSE II","48054.173751288195",2020
"SUL","CLASSE III","102592.03771809995",2020
"SUL","CLASSE IV","1225.8634072300001",2020
"PR","CLASSE I","1779.677027",2020
"PR","CLASSE II","24930.531216197207",2020
"PR","CLASSE III","43540.801926355954",2020
"PR","CLASSE IV","774.27149839000003",2020
"SC","CLASSE I","169.31512560000002",2020
"SC","CLASSE II","4497.5732639422049",2020
"SC","CLASSE III","8967.51621858",2020
"SC","CLASSE IV","148.04825872500004",2020
"RS","CLASSE I","731.05057219999992",2020
"RS","CLASSE II","18626.069271148779",2020
"RS","CLASSE III","50083.719573163995",2020
"RS","CLASSE IV","303.54365011499993",2020
"CENTRO-OESTE","CLASSE I","6258.7205614999993",2020
"CENTRO-OESTE","CLASSE II","100223.26602409866",2020
"CENTRO-OESTE","CLASSE III","129792.05833363404",2020
"CENTRO-OESTE","CLASSE IV","870.44166512499999",2020
"DF","CLASSE I","18.705771800000001",2020
"DF","CLASSE II","410.38288647800039",2020
"DF","CLASSE III","600.09041067999965",2020
"DF","CLASSE IV","7.0288217999999993",2020
"GO","CLASSE I","1384.2768492",2020
"GO","CLASSE II","21959.367024996602",2020
"GO","CLASSE III","34471.974997365985",2020
"GO","CLASSE IV","398.13982900499997",2020
"MS","CLASSE I","1137.6817424999997",2020
"MS","CLASSE II","14998.426186215003",2020
"MS","CLASSE III","28365.946880619991",2020
"MS","CLASSE IV","101.80361023",2020
"MT","CLASSE I","3718.0561979999993",2020
"MT","CLASSE II","62855.089926409055",2020
"MT","CLASSE III","66354.046044968054",2020
"MT","CLASSE IV","363.46940409000001",2020
"Vendas sem definição","CLASSE I","676.2965428",2020
"Vendas sem definição","CLASSE II","14815.891205161803",2020
"Vendas sem definição","CLASSE III","35320.027168859975",2020
"Vendas sem definição","CLASSE IV","973.60193499999991",2020
"Vendas Totais","CLASSE I","14686.081521499998",2020
"Vendas Totais","CLASSE II","254693.94503829625",2020
"Vendas Totais","CLASSE III","401615.20796309999",2020
"Vendas Totais","CLASSE IV","14750.44554133",2020
"NORTE","CLASSE I","984.49228389999996",2021
"NORTE","CLASSE II","13136.221817920999",2021
"NORTE","CLASSE III","23833.350516457998",2021
"NORTE","CLASSE IV","17.547538070000002",2021
"AC","CLASSE I","11.927794",2021
"AC","CLASSE II","241.733252894",2021
"AC","CLASSE III","617.59155469999996",2021
"AC","CLASSE IV","9.9560000000000002e-05",2021
"AM","CLASSE I","2.4216213",2021
"AM","CLASSE II","75.441293049999999",2021
"AM","CLASSE III","77.336458250000007",2021
"AM","CLASSE IV","0.070024000000000003",2021
"AP","CLASSE I","0.13233",2021
"AP","CLASSE II","1.5619845000000001",2021
"AP","CLASSE III","8.6912205999999994",2021
"AP","CLASSE IV","0",2021
"PA","CLASSE I","278.39229610000001",2021
"PA","CLASSE II","4386.422832065",2021
"PA","CLASSE III","8428.4970123999992",2021
"PA","CLASSE IV","2.2982826699999999",2021
"RO","CLASSE I","306.93986200000001",2021
"RO","CLASSE II","3642.0683579040001",2021
"RO","CLASSE III","5945.6181341000001",2021
"RO","CLASSE IV","0.57041472000000004",2021
"RR","CLASSE I","12.202301",2021
"RR","CLASSE II","204.94427730000001",2021
"RR","CLASSE III","488.816215",2021
"RR","CLASSE IV","12.646728",2021
"TO","CLASSE I","372.47607950000003",2021
"TO","CLASSE II","4584.0498202080098",2021
"TO","CLASSE III","8266.7999214079991",2021
"TO","CLASSE IV","1.9619891199999999",2021
"NORDESTE","CLASSE I","1651.8565315000001",2021
"NORDESTE","CLASSE II","31812.2751566119",2021
"NORDESTE","CLASSE III","37621.123185625998",2021
"NORDESTE","CLASSE IV","303.05490426",2021
"MA","CLASSE I","384.77230300000002",2021
"MA","CLASSE II","4751.5606167510005",2021
"MA","CLASSE III","8607.5040823700001",2021
"MA","CLASSE IV","11.60677044",2021
"PI","CLASSE I","297.35392899999999",2021
"PI","CLASSE II","3548.5226832489998",2021
"PI","CLASSE III","4836.0621911879998",2021
"PI","CLASSE IV","1.82228412",2021
"CE","CLASSE I","8.4568542000000004",2021
"CE","CLASSE II","254.07041530839999",2021
"CE","CLASSE III","625.76944476000006",2021
"CE","CLASSE IV","49.087116199999997",2021
"RN","CLASSE I","13.436115900000001",2021
"RN","CLASSE II","226.11657048679999",2021
"RN","CLASSE III","266.04368806000002",2021
"RN","CLASSE IV","19.18526773",2021
"PB","CLASSE I","4.3709045",2021
"PB","CLASSE II","2361.3026750499998",2021
"PB","CLASSE III","549.16514164",2021
"PB","CLASSE IV","0.32358999999999999",2021
"PE","CLASSE I","37.754483399999998",2021
"PE","CLASSE II","1430.4540729409",2021
"PE","CLASSE III","2378.4027944300001",2021
"PE","CLASSE IV","56.839371059999998",2021
"AL","CLASSE I","13.9257095",2021
"AL","CLASSE II","1004.7263642264001",2021
"AL","CLASSE III","981.93891465000002",2021
"AL","CLASSE IV","0.15985460000000001",2021
"SE","CLASSE I","14.068195299999999",2021
"SE","CLASSE II","654.29222018600001",2021
"SE","CLASSE III","729.50855750000005",2021
"SE","CLASSE IV","22.433662760000001",2021
"BA","CLASSE I","877.71803669999997",2021
"BA","CLASSE II","17581.229538413401",2021
"BA","CLASSE III","18646.728371027999",2021
"BA","CLASSE IV","141.59698735000001",2021
"SUDESTE","CLASSE I","4040.0456806000002",2021
"SUDESTE","CLASSE II","62994.489066667498",2021
"SUDESTE","CLASSE III","71448.011230624004",2021
"SUDESTE","CLASSE IV","8040.8491240000003",2021
"ES","CLASSE I","32.288614000000003",2021
"ES","CLASSE II","1252.11598299",2021
"ES","CLASSE III","2826.1194480700001",2021
"ES","CLASSE IV","16.71316156",2021
"MG","CLASSE I","1293.8814749999999",2021
"MG","CLASSE II","22010.700714197799",2021
"MG","CLASSE III","28089.567956973999",2021
"MG","CLASSE IV","1011.1095003",2021
"RJ","CLASSE I","2.8704912999999999",2021
"RJ","CLASSE II","66.575164732000005",2021
"RJ","CLASSE III","-1003.67775713",2021
"RJ","CLASSE IV","6.9712128399999997",2021
"SP","CLASSE I","2711.0051002999999",2021
"SP","CLASSE II","39665.097204747603",2021
"SP","CLASSE III","41536.00158271",2021
"SP","CLASSE IV","7006.0552492999996",2021
"SUL","CLASSE I","3322.6828095999999",2021
"SUL","CLASSE II","55651.8901347633",2021
"SUL","CLASSE III","99921.053967871994",2021
"SUL","CLASSE IV","1019.5088325299999",2021
"PR","CLASSE I","1784.3254643",2021
"PR","CLASSE II","27607.049254941001",2021
"PR","CLASSE III","40234.109901659998",2021
"PR","CLASSE IV","643.35710165",2021
"SC","CLASSE I","253.30612199999999",2021
"SC","CLASSE II","5011.2069611134002",2021
"SC","CLASSE III","8162.2117089640096",2021
"SC","CLASSE IV","137.72288807000001",2021
"RS","CLASSE I","1285.0512232999999",2021
"RS","CLASSE II","23033.6339187089",2021
"RS","CLASSE III","51524.732357248002",2021
"RS","CLASSE IV","238.42884280999999",2021
"CENTRO-OESTE","CLASSE I","9047.2949011000001",2021
"CENTRO-OESTE","CLASSE II","118905.084768171",2021
"CENTRO-OESTE","CLASSE III","129448.695403484",2021
"CENTRO-OESTE","CLASSE IV","791.78130618",2021
"DF","CLASSE I","59.222750400000002",2021
"DF","CLASSE II","685.06924810600106",2021
"DF","CLASSE III","809.36105064000003",2021
"DF","CLASSE IV","10.0586406",2021
"GO","CLASSE I","2003.6918337",2021
"GO","CLASSE II","23480.993718375001",2021
"GO","CLASSE III","32498.828762675999",2021
"GO","CLASSE IV","339.04369751000002",2021
"MS","CLASSE I","2192.7056120000002",2021
"MS","CLASSE II","18525.023078778999",2021
"MS","CLASSE III","26508.745007066002",2021
"MS","CLASSE IV","98.882945680000006",2021
"MT","CLASSE I","4791.6747050000004",2021
"MT","CLASSE II","76213.998722911099",2021
"MT","CLASSE III","69631.760583102005",2021
"MT","CLASSE IV","343.79602239000002",2021
"Vendas sem definição","CLASSE I","1034.8080869999999",2021
"Vendas sem definição","CLASSE II","16526.800616729401",2021
"Vendas sem definição","CLASSE III","26108.261031696002",2021
"Vendas sem definição","CLASSE IV","1846.2656738000001",2021
"Vendas Totais","CLASSE I","20081.180293699999",2021
"Vendas Totais","CLASSE II","299026.76156086399",2021
"Vendas Totais","CLASSE III","388380.49533576",2021
"Vendas Totais","CLASSE IV","12019.00737884",2021
