"long","lat","order","hole","piece","group","id","x","y","UF"
-73.8050903767359,-7.1091280603668,1,FALSE,"1","1.1","1",-70.45933561,-9.27524971,"AC"
-70.3273224825236,-8.13871537480745,2,FALSE,"1","1.1","1",-70.45933561,-9.27524971,"AC"
-66.8064741301622,-9.81569471272214,3,FALSE,"1","1.1","1",-70.45933561,-9.27524971,"AC"
-66.5989046499896,-9.89759370364355,4,FALSE,"1","1.1","1",-70.45933561,-9.27524971,"AC"
-68.5414416719821,-11.1104787596702,5,FALSE,"1","1.1","1",-70.45933561,-9.27524971,"AC"
-70.6210528789942,-11.0012801051083,6,FALSE,"1","1.1","1",-70.45933561,-9.27524971,"AC"
-70.6053872578491,-9.48809874903648,7,FALSE,"1","1.1","1",-70.45933561,-9.27524971,"AC"
-71.243761319512,-10.0184922140514,8,FALSE,"1","1.1","1",-70.45933561,-9.27524971,"AC"
-72.1484509406415,-9.97559274261633,9,FALSE,"1","1.1","1",-70.45933561,-9.27524971,"AC"
-72.3599368261004,-9.42179956590962,10,FALSE,"1","1.1","1",-70.45933561,-9.27524971,"AC"
-73.1980475573633,-9.39839985421779,11,FALSE,"1","1.1","1",-70.45933561,-9.27524971,"AC"
-72.8925679450338,-9.05910403468621,12,FALSE,"1","1.1","1",-70.45933561,-9.27524971,"AC"
-73.4996107644065,-8.30251335665028,13,FALSE,"1","1.1","1",-70.45933561,-9.27524971,"AC"
-73.734595081583,-7.88131854619729,14,FALSE,"1","1.1","1",-70.45933561,-9.27524971,"AC"
-73.7385114868692,-7.7526201318922,15,FALSE,"1","1.1","1",-70.45933561,-9.27524971,"AC"
-73.9734958040458,-7.57712229420346,16,FALSE,"1","1.1","1",-70.45933561,-9.27524971,"AC"
-73.977412209332,-7.32752536949057,17,FALSE,"1","1.1","1",-70.45933561,-9.27524971,"AC"
-73.7855083503046,-7.32752536949057,18,FALSE,"1","1.1","1",-70.45933561,-9.27524971,"AC"
-73.8050903767359,-7.1091280603668,19,FALSE,"1","1.1","1",-70.45933561,-9.27524971,"AC"
-35.1188389589099,-8.87970624504882,1,FALSE,"1","2.1","2",-36.61112046,-9.50932141,"AL"
-35.3499068708002,-9.24630172822087,2,FALSE,"1","2.1","2",-36.61112046,-9.50932141,"AL"
-35.7415473994277,-9.68309634646842,3,FALSE,"1","2.1","2",-36.61112046,-9.50932141,"AL"
-36.0509434170434,-10.0847913971782,4,FALSE,"1","2.1","2",-36.61112046,-9.50932141,"AL"
-36.2976769500788,-10.2992887543534,5,FALSE,"1","2.1","2",-36.61112046,-9.50932141,"AL"
-36.2937605447925,-10.346088177737,6,FALSE,"1","2.1","2",-36.61112046,-9.50932141,"AL"
-36.3955870822357,-10.4942863517853,7,FALSE,"1","2.1","2",-36.61112046,-9.50932141,"AL"
-36.4504167562435,-10.400687505018,8,FALSE,"1","2.1","2",-36.61112046,-9.50932141,"AL"
-36.5639925095455,-10.4123873608639,9,FALSE,"1","2.1","2",-36.61112046,-9.50932141,"AL"
-36.5679089148318,-10.3226884660452,10,FALSE,"1","2.1","2",-36.61112046,-9.50932141,"AL"
-36.6384042099847,-10.2524893309697,11,FALSE,"1","2.1","2",-36.61112046,-9.50932141,"AL"
-36.6971502892788,-10.2836889465588,12,FALSE,"1","2.1","2",-36.61112046,-9.50932141,"AL"
-36.9478002276004,-10.0925913010755,13,FALSE,"1","2.1","2",-36.61112046,-9.50932141,"AL"
-36.955633038173,-10.0067923582054,14,FALSE,"1","2.1","2",-36.61112046,-9.50932141,"AL"
-37.9934804390359,-9.49979860488239,15,FALSE,"1","2.1","2",-36.61112046,-9.50932141,"AL"
-38.2245483509261,-9.32040081524501,16,FALSE,"1","2.1","2",-36.61112046,-9.50932141,"AL"
-37.7898273641496,-8.85240658140835,17,FALSE,"1","2.1","2",-36.61112046,-9.50932141,"AL"
-36.9478002276004,-9.38669999837187,18,FALSE,"1","2.1","2",-36.61112046,-9.50932141,"AL"
-36.8929705535926,-9.27360139186134,19,FALSE,"1","2.1","2",-36.61112046,-9.50932141,"AL"
-36.6893174787063,-9.27750134380998,20,FALSE,"1","2.1","2",-36.61112046,-9.50932141,"AL"
-36.6149057782671,-9.35160043083412,21,FALSE,"1","2.1","2",-36.61112046,-9.50932141,"AL"
-35.9608660954591,-8.84850662945971,22,FALSE,"1","2.1","2",-36.61112046,-9.50932141,"AL"
-35.7062997518512,-8.91480581258657,23,FALSE,"1","2.1","2",-36.61112046,-9.50932141,"AL"
-35.5261451086826,-8.8173070138706,24,FALSE,"1","2.1","2",-36.61112046,-9.50932141,"AL"
-35.1188389589099,-8.87970624504882,25,FALSE,"1","2.1","2",-36.61112046,-9.50932141,"AL"
-63.3913687205303,2.20005724103406,1,FALSE,"1","3.1","3",-64.68219739,-4.1817816,"AM"
-62.7334126324361,1.84516161370792,2,FALSE,"1","3.1","3",-64.68219739,-4.1817816,"AM"
-62.263443998083,-0.327111621683898,3,FALSE,"1","3.1","3",-64.68219739,-4.1817816,"AM"
-62.5023447205458,-0.771706143828723,4,FALSE,"1","3.1","3",-64.68219739,-4.1817816,"AM"
-61.4840793461143,-1.56729634135104,5,FALSE,"1","3.1","3",-64.68219739,-4.1817816,"AM"
-61.5898222888437,-0.822405519161023,6,FALSE,"1","3.1","3",-64.68219739,-4.1817816,"AM"
-61.166850517926,-0.475309795732173,7,FALSE,"1","3.1","3",-64.68219739,-4.1817816,"AM"
-60.6890490730004,-0.88090479839061,8,FALSE,"1","3.1","3",-64.68219739,-4.1817816,"AM"
-60.2934921390866,-0.678107297061388,9,FALSE,"1","3.1","3",-64.68219739,-4.1817816,"AM"
-60.4070678923886,-0.502609459372643,10,FALSE,"1","3.1","3",-64.68219739,-4.1817816,"AM"
-60.0545914166239,0.246181314766012,11,FALSE,"1","3.1","3",-64.68219739,-4.1817816,"AM"
-58.903168262459,0.273480978406482,12,FALSE,"1","3.1","3",-64.68219739,-4.1817816,"AM"
-58.875753425455,-0.405110660656675,13,FALSE,"1","3.1","3",-64.68219739,-4.1817816,"AM"
-58.3235402800902,-1.14220157894941,14,FALSE,"1","3.1","3",-64.68219739,-4.1817816,"AM"
-56.3575048263801,-2.24978793236283,15,FALSE,"1","3.1","3",-64.68219739,-4.1817816,"AM"
-58.4097011963883,-6.80103185642433,16,FALSE,"1","3.1","3",-64.68219739,-4.1817816,"AM"
-58.1668840686392,-7.31582551364466,17,FALSE,"1","3.1","3",-64.68219739,-4.1817816,"AM"
-58.4136176016746,-8.78220744633285,18,FALSE,"1","3.1","3",-64.68219739,-4.1817816,"AM"
-61.5428254254084,-8.80560715802469,19,FALSE,"1","3.1","3",-64.68219739,-4.1817816,"AM"
-62.1459518394948,-8.77440754243558,20,FALSE,"1","3.1","3",-64.68219739,-4.1817816,"AM"
-62.8509047910243,-7.9827172968619,21,FALSE,"1","3.1","3",-64.68219739,-4.1817816,"AM"
-63.5676069584127,-7.98661724881053,22,FALSE,"1","3.1","3",-64.68219739,-4.1817816,"AM"
-64.2764763152285,-8.91870576453521,23,FALSE,"1","3.1","3",-64.68219739,-4.1817816,"AM"
-64.9031011610325,-8.93040562038113,24,FALSE,"1","3.1","3",-64.68219739,-4.1817816,"AM"
-64.8952683504599,-9.44129932565281,25,FALSE,"1","3.1","3",-64.68219739,-4.1817816,"AM"
-66.305174253519,-9.42179956590962,26,FALSE,"1","3.1","3",-64.68219739,-4.1817816,"AM"
-66.8064741301622,-9.81569471272214,27,FALSE,"1","3.1","3",-64.68219739,-4.1817816,"AM"
-70.3273224825236,-8.13871537480745,28,FALSE,"1","3.1","3",-64.68219739,-4.1817816,"AM"
-73.8050903767359,-7.1091280603668,29,FALSE,"1","3.1","3",-64.68219739,-4.1817816,"AM"
-73.6993474340065,-6.73083272134884,30,FALSE,"1","3.1","3",-64.68219739,-4.1817816,"AM"
-73.1471342886417,-6.46953594079003,31,FALSE,"1","3.1","3",-64.68219739,-4.1817816,"AM"
-73.2763756630888,-6.04054122643976,32,FALSE,"1","3.1","3",-64.68219739,-4.1817816,"AM"
-72.8142398393083,-5.10845271071508,33,FALSE,"1","3.1","3",-64.68219739,-4.1817816,"AM"
-71.4826620419748,-4.41036131190874,34,FALSE,"1","3.1","3",-64.68219739,-4.1817816,"AM"
-69.9630967909,-4.30116265734685,35,FALSE,"1","3.1","3",-64.68219739,-4.1817816,"AM"
-69.4148000508215,-1.00570326074705,36,FALSE,"1","3.1","3",-64.68219739,-4.1817816,"AM"
-70.0296756807667,-0.178913447635622,37,FALSE,"1","3.1","3",-64.68219739,-4.1817816,"AM"
-70.0453413019118,0.585477134297584,38,FALSE,"1","3.1","3",-64.68219739,-4.1817816,"AM"
-69.152400896641,0.604976894040782,39,FALSE,"1","3.1","3",-64.68219739,-4.1817816,"AM"
-69.1563173019273,1.05347136813425,40,FALSE,"1","3.1","3",-64.68219739,-4.1817816,"AM"
-69.8416882270255,1.04567146423697,41,FALSE,"1","3.1","3",-64.68219739,-4.1817816,"AM"
-69.8416882270255,1.72036315135148,42,FALSE,"1","3.1","3",-64.68219739,-4.1817816,"AM"
-68.212463627935,1.7320630071974,43,FALSE,"1","3.1","3",-64.68219739,-4.1817816,"AM"
-67.4644302182565,2.16885762544494,44,FALSE,"1","3.1","3",-64.68219739,-4.1817816,"AM"
-67.1080373372054,1.82566185396473,45,FALSE,"1","3.1","3",-64.68219739,-4.1817816,"AM"
-67.088455310774,1.16656997464477,46,FALSE,"1","3.1","3",-64.68219739,-4.1817816,"AM"
-65.5414752226954,0.64787636547581,47,FALSE,"1","3.1","3",-64.68219739,-4.1817816,"AM"
-63.3913687205303,2.20005724103406,48,FALSE,"1","3.1","3",-64.68219739,-4.1817816,"AM"
-50.1382532317752,0.651776317424449,1,FALSE,"1","4.1","4",-51.97549803,1.39102202,"AP"
-51.7165645621441,-0.728806672393695,2,FALSE,"1","4.1","4",-51.97549803,1.39102202,"AP"
-51.6656512934225,-1.12270181920621,3,FALSE,"1","4.1","4",-51.97549803,1.39102202,"AP"
-52.3431894079481,-1.17340119453852,4,FALSE,"1","4.1","4",-51.97549803,1.39102202,"AP"
-53.6121047207012,1.25236891751482,5,FALSE,"1","4.1","4",-51.97549803,1.39102202,"AP"
-54.348388914521,1.73986291109468,6,FALSE,"1","4.1","4",-51.97549803,1.39102202,"AP"
-54.7596114695799,1.73986291109468,7,FALSE,"1","4.1","4",-51.97549803,1.39102202,"AP"
-54.8927692493132,2.46915392549013,8,FALSE,"1","4.1","4",-51.97549803,1.39102202,"AP"
-54.6734505532818,2.48085378133605,9,FALSE,"1","4.1","4",-51.97549803,1.39102202,"AP"
-54.4541318572504,2.19225733713678,10,FALSE,"1","4.1","4",-51.97549803,1.39102202,"AP"
-54.0585749233366,2.16885762544494,11,FALSE,"1","4.1","4",-51.97549803,1.39102202,"AP"
-53.8235906061601,2.35605531897961,12,FALSE,"1","4.1","4",-51.97549803,1.39102202,"AP"
-53.337956350662,2.3443554631337,13,FALSE,"1","4.1","4",-51.97549803,1.39102202,"AP"
-53.2361298132188,2.18835738518814,14,FALSE,"1","4.1","4",-51.97549803,1.39102202,"AP"
-52.8758205268815,2.18835738518814,15,FALSE,"1","4.1","4",-51.97549803,1.39102202,"AP"
-51.3758373022381,4.45812941929593,16,FALSE,"1","4.1","4",-51.97549803,1.39102202,"AP"
-50.8001257251557,2.31315584754459,17,FALSE,"1","4.1","4",-51.97549803,1.39102202,"AP"
-49.8562720511634,1.61896440068687,18,FALSE,"1","4.1","4",-51.97549803,1.39102202,"AP"
-49.879770482881,1.0183718005965,19,FALSE,"1","4.1","4",-51.97549803,1.39102202,"AP"
-50.1382532317752,0.651776317424449,20,FALSE,"1","4.1","4",-51.97549803,1.39102202,"AP"
-38.2245483509261,-9.32040081524501,1,FALSE,"1","5.1","5",-41.73416561,-12.47128057,"BA"
-37.9934804390359,-9.49979860488239,2,FALSE,"1","5.1","5",-41.73416561,-12.47128057,"BA"
-37.9778148178908,-9.95999293482177,3,FALSE,"1","5.1","5",-41.73416561,-12.47128057,"BA"
-37.8172422011535,-9.98729259846225,4,FALSE,"1","5.1","5",-41.73416561,-12.47128057,"BA"
-37.7271648795692,-10.3343883218911,5,FALSE,"1","5.1","5",-41.73416561,-12.47128057,"BA"
-37.8329078222986,-10.3811877452748,6,FALSE,"1","5.1","5",-41.73416561,-12.47128057,"BA"
-37.8329078222986,-10.7048837570118,7,FALSE,"1","5.1","5",-41.73416561,-12.47128057,"BA"
-38.0130624654673,-10.7594830842927,8,FALSE,"1","5.1","5",-41.73416561,-12.47128057,"BA"
-38.0443937077575,-10.7009838050631,9,FALSE,"1","5.1","5",-41.73416561,-12.47128057,"BA"
-38.1971335139222,-10.7087837089604,10,FALSE,"1","5.1","5",-41.73416561,-12.47128057,"BA"
-38.2637124037889,-10.8179823635223,11,FALSE,"1","5.1","5",-41.73416561,-12.47128057,"BA"
-38.0052296548947,-11.3483758285372,12,FALSE,"1","5.1","5",-41.73416561,-12.47128057,"BA"
-37.4647657253888,-11.6174725129933,13,FALSE,"1","5.1","5",-41.73416561,-12.47128057,"BA"
-38.3694553465183,-13.0214552145032,14,FALSE,"1","5.1","5",-41.73416561,-12.47128057,"BA"
-38.5652756108321,-12.8927568001982,15,FALSE,"1","5.1","5",-41.73416561,-12.47128057,"BA"
-38.9373341130282,-13.239852523627,16,FALSE,"1","5.1","5",-41.73416561,-12.47128057,"BA"
-39.0548262716165,-14.7569338316475,17,FALSE,"1","5.1","5",-41.73416561,-12.47128057,"BA"
-38.8550896020164,-15.8606202331123,18,FALSE,"1","5.1","5",-41.73416561,-12.47128057,"BA"
-39.2976433993655,-17.2646029346223,19,FALSE,"1","5.1","5",-41.73416561,-12.47128057,"BA"
-39.1370707826283,-17.6701979372807,20,FALSE,"1","5.1","5",-41.73416561,-12.47128057,"BA"
-39.2702285623616,-17.8729954386099,21,FALSE,"1","5.1","5",-41.73416561,-12.47128057,"BA"
-39.5091292848244,-17.9782941412232,22,FALSE,"1","5.1","5",-41.73416561,-12.47128057,"BA"
-39.6657854962754,-18.3331897685493,23,FALSE,"1","5.1","5",-41.73416561,-12.47128057,"BA"
-40.2767447209343,-17.9353946697882,24,FALSE,"1","5.1","5",-41.73416561,-12.47128057,"BA"
-40.1984166152088,-17.7364971204076,25,FALSE,"1","5.1","5",-41.73416561,-12.47128057,"BA"
-40.6213883861265,-17.3699016372355,26,FALSE,"1","5.1","5",-41.73416561,-12.47128057,"BA"
-40.4960634169657,-16.8941074995016,27,FALSE,"1","5.1","5",-41.73416561,-12.47128057,"BA"
-40.2649955050755,-16.8590079319638,28,FALSE,"1","5.1","5",-41.73416561,-12.47128057,"BA"
-39.959515892746,-15.9971185513147,29,FALSE,"1","5.1","5",-41.73416561,-12.47128057,"BA"
-44.2127320336409,-14.2343402705299,30,FALSE,"1","5.1","5",-41.73416561,-12.47128057,"BA"
-46.0377768970451,-15.2210281135355,31,FALSE,"1","5.1","5",-41.73416561,-12.47128057,"BA"
-46.0260276811862,-14.8544326303635,32,FALSE,"1","5.1","5",-41.73416561,-12.47128057,"BA"
-46.2492627825039,-12.9551560313764,33,FALSE,"1","5.1","5",-41.73416561,-12.47128057,"BA"
-46.5664916106922,-11.3171762129481,34,FALSE,"1","5.1","5",-41.73416561,-12.47128057,"BA"
-45.8145417957274,-10.2524893309697,35,FALSE,"1","5.1","5",-41.73416561,-12.47128057,"BA"
-45.2466630292175,-10.821882315471,36,FALSE,"1","5.1","5",-41.73416561,-12.47128057,"BA"
-44.1344039279154,-10.6346846219363,37,FALSE,"1","5.1","5",-41.73416561,-12.47128057,"BA"
-43.6683516988486,-10.0340920218459,38,FALSE,"1","5.1","5",-41.73416561,-12.47128057,"BA"
-43.8524227473035,-9.5504979802147,39,FALSE,"1","5.1","5",-41.73416561,-12.47128057,"BA"
-43.4842806503937,-9.26580148796407,40,FALSE,"1","5.1","5",-41.73416561,-12.47128057,"BA"
-42.763662077719,-9.61679716334156,41,FALSE,"1","5.1","5",-41.73416561,-12.47128057,"BA"
-42.2388637693582,-9.25410163211815,42,FALSE,"1","5.1","5",-41.73416561,-12.47128057,"BA"
-41.8785544830209,-9.25410163211815,43,FALSE,"1","5.1","5",-41.73416561,-12.47128057,"BA"
-41.2558460425031,-8.65350903202777,44,FALSE,"1","5.1","5",-41.73416561,-12.47128057,"BA"
-40.7349641394285,-9.14490297755626,45,FALSE,"1","5.1","5",-41.73416561,-12.47128057,"BA"
-40.7427969500011,-9.41789961396098,46,FALSE,"1","5.1","5",-41.73416561,-12.47128057,"BA"
-40.3942368795226,-9.42569951785826,47,FALSE,"1","5.1","5",-41.73416561,-12.47128057,"BA"
-39.4112191526675,-8.52091066577405,48,FALSE,"1","5.1","5",-41.73416561,-12.47128057,"BA"
-38.6671021482752,-8.98110499571343,49,FALSE,"1","5.1","5",-41.73416561,-12.47128057,"BA"
-38.5261115579693,-8.84850662945971,50,FALSE,"1","5.1","5",-41.73416561,-12.47128057,"BA"
-38.2950436460791,-9.03570432299438,51,FALSE,"1","5.1","5",-41.73416561,-12.47128057,"BA"
-38.3616225359458,-9.15270288145354,52,FALSE,"1","5.1","5",-41.73416561,-12.47128057,"BA"
-38.2245483509261,-9.32040081524501,53,FALSE,"1","5.1","5",-41.73416561,-12.47128057,"BA"
-37.3002767033652,-4.81595631456717,1,FALSE,"1","6.1","6",-39.5850178,-5.09724616,"CE"
-37.6331711526986,-4.94855468082089,2,FALSE,"1","6.1","6",-39.5850178,-5.09724616,"CE"
-38.5691920161184,-6.35643733427951,3,FALSE,"1","6.1","6",-39.5850178,-5.09724616,"CE"
-38.7650122804321,-6.94923003047261,4,FALSE,"1","6.1","6",-39.5850178,-5.09724616,"CE"
-38.5378607738282,-7.28852585000418,5,FALSE,"1","6.1","6",-39.5850178,-5.09724616,"CE"
-38.7101826064243,-7.74872017994356,6,FALSE,"1","6.1","6",-39.5850178,-5.09724616,"CE"
-39.1292379720557,-7.74872017994356,7,FALSE,"1","6.1","6",-39.5850178,-5.09724616,"CE"
-39.6853675227068,-7.33142532143921,8,FALSE,"1","6.1","6",-39.5850178,-5.09724616,"CE"
-40.5469766856873,-7.39382455261743,9,FALSE,"1","6.1","6",-39.5850178,-5.09724616,"CE"
-40.3903204742363,-6.76983224083522,10,FALSE,"1","6.1","6",-39.5850178,-5.09724616,"CE"
-40.6958000865658,-6.64503377847878,11,FALSE,"1","6.1","6",-39.5850178,-5.09724616,"CE"
-41.040443751758,-4.90175525743723,12,FALSE,"1","6.1","6",-39.5850178,-5.09724616,"CE"
-41.3224249323698,-2.91277976363143,13,FALSE,"1","6.1","6",-39.5850178,-5.09724616,"CE"
-41.823724809013,-2.71778216619949,14,FALSE,"1","6.1","6",-39.5850178,-5.09724616,"CE"
-41.3224249323698,-2.91277976363143,15,FALSE,"1","6.1","6",-39.5850178,-5.09724616,"CE"
-40.0182619720402,-2.8386806766073,16,FALSE,"1","6.1","6",-39.5850178,-5.09724616,"CE"
-38.4712818839615,-3.69667010530783,17,FALSE,"1","6.1","6",-39.5850178,-5.09724616,"CE"
-37.895570306879,-4.33236227293596,18,FALSE,"1","6.1","6",-39.5850178,-5.09724616,"CE"
-37.3041931086515,-4.65995823662162,19,FALSE,"1","6.1","6",-39.5850178,-5.09724616,"CE"
-37.3002767033652,-4.81595631456717,20,FALSE,"1","6.1","6",-39.5850178,-5.09724616,"CE"
-47.3106086150845,-16.047817926647,1,FALSE,"1","7.1","7",-47.79584647,-15.77756388,"DF"
-48.2779607207945,-16.047817926647,2,FALSE,"1","7.1","7",-47.79584647,-15.77756388,"DF"
-48.2818771260807,-15.5057246057862,3,FALSE,"1","7.1","7",-47.79584647,-15.77756388,"DF"
-47.3106086150845,-15.5096245577348,4,FALSE,"1","7.1","7",-47.79584647,-15.77756388,"DF"
-47.3106086150845,-16.047817926647,5,FALSE,"1","7.1","7",-47.79584647,-15.77756388,"DF"
-40.926867998456,-21.3088531053607,1,FALSE,"1","8.1","8",-40.67555693,-19.5962671,"ES"
-41.7179818662836,-21.1216554118261,2,FALSE,"1","8.1","8",-40.67555693,-19.5962671,"ES"
-41.7140654609973,-20.8330589676268,3,FALSE,"1","8.1","8",-40.67555693,-19.5962671,"ES"
-41.8863872935934,-20.7862595442431,4,FALSE,"1","8.1","8",-40.67555693,-19.5962671,"ES"
-41.7884771614365,-20.2051667038959,5,FALSE,"1","8.1","8",-40.67555693,-19.5962671,"ES"
-41.3890038222365,-20.1895668961014,6,FALSE,"1","8.1","8",-40.67555693,-19.5962671,"ES"
-40.8994531614521,-19.265278284274,7,FALSE,"1","8.1","8",-40.67555693,-19.5962671,"ES"
-41.0600257781894,-19.0546808790475,8,FALSE,"1","8.1","8",-40.67555693,-19.5962671,"ES"
-40.9386172143148,-18.7699843867969,9,FALSE,"1","8.1","8",-40.67555693,-19.5962671,"ES"
-41.2010163684953,-18.3526895282925,10,FALSE,"1","8.1","8",-40.67555693,-19.5962671,"ES"
-40.969948456605,-18.1459920750147,11,FALSE,"1","8.1","8",-40.67555693,-19.5962671,"ES"
-40.770211787005,-18.1537919789119,12,FALSE,"1","8.1","8",-40.67555693,-19.5962671,"ES"
-40.613555575554,-17.9392946217368,13,FALSE,"1","8.1","8",-40.67555693,-19.5962671,"ES"
-40.2767447209343,-17.9353946697882,14,FALSE,"1","8.1","8",-40.67555693,-19.5962671,"ES"
-39.6657854962754,-18.3331897685493,15,FALSE,"1","8.1","8",-40.67555693,-19.5962671,"ES"
-39.802859681295,-18.7777842906941,16,FALSE,"1","8.1","8",-40.67555693,-19.5962671,"ES"
-39.6932003332793,-19.3315774674009,17,FALSE,"1","8.1","8",-40.67555693,-19.5962671,"ES"
-39.802859681295,-19.631873767446,18,FALSE,"1","8.1","8",-40.67555693,-19.5962671,"ES"
-40.0770080513343,-19.8229714129293,19,FALSE,"1","8.1","8",-40.67555693,-19.5962671,"ES"
-40.2258314522128,-20.2636659831255,20,FALSE,"1","8.1","8",-40.67555693,-19.5962671,"ES"
-40.5626423068324,-20.8447588234727,21,FALSE,"1","8.1","8",-40.67555693,-19.5962671,"ES"
-40.7780445975775,-20.8564586793186,22,FALSE,"1","8.1","8",-40.67555693,-19.5962671,"ES"
-40.926867998456,-21.3088531053607,23,FALSE,"1","8.1","8",-40.67555693,-19.5962671,"ES"
-50.5808070291243,-12.7952580014822,1,FALSE,"1","9.1","9",-49.60311111,-16.0467844,"GO"
-49.3314737428025,-13.1735533405002,2,FALSE,"1","9.1","9",-49.60311111,-16.0467844,"GO"
-46.2492627825039,-12.9551560313764,3,FALSE,"1","9.1","9",-49.60311111,-16.0467844,"GO"
-46.0260276811862,-14.8544326303635,4,FALSE,"1","9.1","9",-49.60311111,-16.0467844,"GO"
-46.8406399807315,-14.9831310446686,5,FALSE,"1","9.1","9",-49.60311111,-16.0467844,"GO"
-46.8093087384413,-15.8723200889582,6,FALSE,"1","9.1","9",-49.60311111,-16.0467844,"GO"
-47.3106086150845,-16.047817926647,7,FALSE,"1","9.1","9",-49.60311111,-16.0467844,"GO"
-47.3106086150845,-15.5096245577348,8,FALSE,"1","9.1","9",-49.60311111,-16.0467844,"GO"
-48.2818771260807,-15.5057246057862,9,FALSE,"1","9.1","9",-49.60311111,-16.0467844,"GO"
-48.2779607207945,-16.047817926647,10,FALSE,"1","9.1","9",-49.60311111,-16.0467844,"GO"
-47.3106086150845,-16.047817926647,11,FALSE,"1","9.1","9",-49.60311111,-16.0467844,"GO"
-47.2831937780806,-18.056293180196,12,FALSE,"1","9.1","9",-49.60311111,-16.0467844,"GO"
-47.8667381657356,-18.5281873659813,13,FALSE,"1","9.1","9",-49.60311111,-16.0467844,"GO"
-48.2583786943631,-18.3409896724466,14,FALSE,"1","9.1","9",-49.60311111,-16.0467844,"GO"
-49.0181613199005,-18.3487895763439,15,FALSE,"1","9.1","9",-49.60311111,-16.0467844,"GO"
-49.4019690379554,-18.6763855400295,16,FALSE,"1","9.1","9",-49.60311111,-16.0467844,"GO"
-50.3105750643713,-18.6997852517214,17,FALSE,"1","9.1","9",-49.60311111,-16.0467844,"GO"
-50.9411163154616,-19.4719757375519,18,FALSE,"1","9.1","9",-49.60311111,-16.0467844,"GO"
-52.8366564740188,-18.6256861646972,19,FALSE,"1","9.1","9",-49.60311111,-16.0467844,"GO"
-53.0833900070541,-17.9938939490177,20,FALSE,"1","9.1","9",-49.60311111,-16.0467844,"GO"
-53.2478790290776,-17.635098369743,21,FALSE,"1","9.1","9",-49.60311111,-16.0467844,"GO"
-53.0089783066148,-16.835608220272,22,FALSE,"1","9.1","9",-49.60311111,-16.0467844,"GO"
-52.2687777075088,-15.8879198967528,23,FALSE,"1","9.1","9",-49.60311111,-16.0467844,"GO"
-51.8340567207323,-15.8177207616773,24,FALSE,"1","9.1","9",-49.60311111,-16.0467844,"GO"
-51.6147380247009,-15.0689299875386,25,FALSE,"1","9.1","9",-49.60311111,-16.0467844,"GO"
-51.0977725269126,-14.9831310446686,26,FALSE,"1","9.1","9",-49.60311111,-16.0467844,"GO"
-50.5808070291243,-12.7952580014822,27,FALSE,"1","9.1","9",-49.60311111,-16.0467844,"GO"
-48.5442762802612,-5.16305203799603,1,FALSE,"1","10.1","10",-45.29536634,-5.04743205,"MA"
-47.5495093375473,-4.5468596301111,2,FALSE,"1","10.1","10",-45.29536634,-5.04743205,"MA"
-46.8837204388805,-3.56797169100275,3,FALSE,"1","10.1","10",-45.29536634,-5.04743205,"MA"
-46.0730245446216,-1.03690287633616,4,FALSE,"1","10.1","10",-45.29536634,-5.04743205,"MA"
-44.7688615842919,-1.52439686991601,5,FALSE,"1","10.1","10",-45.29536634,-5.04743205,"MA"
-44.4242179190997,-2.37458639471928,6,FALSE,"1","10.1","10",-45.29536634,-5.04743205,"MA"
-44.0051625534683,-2.51498466487027,7,FALSE,"1","10.1","10",-45.29536634,-5.04743205,"MA"
-43.5469431349741,-2.22248826872236,8,FALSE,"1","10.1","10",-45.29536634,-5.04743205,"MA"
-42.5051793288249,-2.73338197399405,9,FALSE,"1","10.1","10",-45.29536634,-5.04743205,"MA"
-41.8198084037267,-2.72558207009677,10,FALSE,"1","10.1","10",-45.29536634,-5.04743205,"MA"
-42.9868971790367,-4.23486347421999,11,FALSE,"1","10.1","10",-45.29536634,-5.04743205,"MA"
-42.9203182891701,-6.66843349017061,12,FALSE,"1","10.1","10",-45.29536634,-5.04743205,"MA"
-43.4764478398211,-6.89073075124303,13,FALSE,"1","10.1","10",-45.29536634,-5.04743205,"MA"
-43.6252712406996,-6.64503377847878,14,FALSE,"1","10.1","10",-45.29536634,-5.04743205,"MA"
-44.0874070644801,-6.81273171227025,15,FALSE,"1","10.1","10",-45.29536634,-5.04743205,"MA"
-44.5730413199782,-7.32362541754193,16,FALSE,"1","10.1","10",-45.29536634,-5.04743205,"MA"
-45.4542325093901,-7.67072114097079,17,FALSE,"1","10.1","10",-45.29536634,-5.04743205,"MA"
-45.9594487913196,-8.85630653335699,18,FALSE,"1","10.1","10",-45.29536634,-5.04743205,"MA"
-45.8145417957274,-10.2524893309697,19,FALSE,"1","10.1","10",-45.29536634,-5.04743205,"MA"
-46.3941697780961,-10.1120910608187,20,FALSE,"1","10.1","10",-45.29536634,-5.04743205,"MA"
-46.5821572318373,-9.70259610621161,21,FALSE,"1","10.1","10",-45.29536634,-5.04743205,"MA"
-47.0442930556178,-9.00450470740526,22,FALSE,"1","10.1","10",-45.29536634,-5.04743205,"MA"
-46.8014759278687,-8.3649125878285,23,FALSE,"1","10.1","10",-45.29536634,-5.04743205,"MA"
-46.4803306943942,-8.3142132124962,24,FALSE,"1","10.1","10",-45.29536634,-5.04743205,"MA"
-46.535160368402,-7.87351864230001,25,FALSE,"1","10.1","10",-45.29536634,-5.04743205,"MA"
-47.0442930556178,-7.99051720075917,26,FALSE,"1","10.1","10",-45.29536634,-5.04743205,"MA"
-47.6748343067081,-7.23392652272324,27,FALSE,"1","10.1","10",-45.29536634,-5.04743205,"MA"
-47.3693546943786,-6.25893853556354,28,FALSE,"1","10.1","10",-45.29536634,-5.04743205,"MA"
-47.502512474112,-5.47894814583577,29,FALSE,"1","10.1","10",-45.29536634,-5.04743205,"MA"
-48.5442762802612,-5.16305203799603,30,FALSE,"1","10.1","10",-45.29536634,-5.04743205,"MA"
-39.959515892746,-15.9971185513147,1,FALSE,"1","11.1","11",-44.63183484,-18.44591442,"MG"
-40.2649955050755,-16.8590079319638,2,FALSE,"1","11.1","11",-44.63183484,-18.44591442,"MG"
-40.4960634169657,-16.8941074995016,3,FALSE,"1","11.1","11",-44.63183484,-18.44591442,"MG"
-40.6213883861265,-17.3699016372355,4,FALSE,"1","11.1","11",-44.63183484,-18.44591442,"MG"
-40.1984166152088,-17.7364971204076,5,FALSE,"1","11.1","11",-44.63183484,-18.44591442,"MG"
-40.2767447209343,-17.9353946697882,6,FALSE,"1","11.1","11",-44.63183484,-18.44591442,"MG"
-40.613555575554,-17.9392946217368,7,FALSE,"1","11.1","11",-44.63183484,-18.44591442,"MG"
-40.770211787005,-18.1537919789119,8,FALSE,"1","11.1","11",-44.63183484,-18.44591442,"MG"
-40.969948456605,-18.1459920750147,9,FALSE,"1","11.1","11",-44.63183484,-18.44591442,"MG"
-41.2010163684953,-18.3526895282925,10,FALSE,"1","11.1","11",-44.63183484,-18.44591442,"MG"
-40.9386172143148,-18.7699843867969,11,FALSE,"1","11.1","11",-44.63183484,-18.44591442,"MG"
-41.0600257781894,-19.0546808790475,12,FALSE,"1","11.1","11",-44.63183484,-18.44591442,"MG"
-40.8994531614521,-19.265278284274,13,FALSE,"1","11.1","11",-44.63183484,-18.44591442,"MG"
-41.3890038222365,-20.1895668961014,14,FALSE,"1","11.1","11",-44.63183484,-18.44591442,"MG"
-41.7884771614365,-20.2051667038959,15,FALSE,"1","11.1","11",-44.63183484,-18.44591442,"MG"
-41.8863872935934,-20.7862595442431,16,FALSE,"1","11.1","11",-44.63183484,-18.44591442,"MG"
-41.9607989940326,-20.9617573819319,17,FALSE,"1","11.1","11",-44.63183484,-18.44591442,"MG"
-42.093956773766,-20.9578574299832,18,FALSE,"1","11.1","11",-44.63183484,-18.44591442,"MG"
-42.3602723332327,-21.6286491651491,19,FALSE,"1","11.1","11",-44.63183484,-18.44591442,"MG"
-42.3054426592249,-21.7183480599678,20,FALSE,"1","11.1","11",-44.63183484,-18.44591442,"MG"
-43.0848073111936,-22.0888434950885,21,FALSE,"1","11.1","11",-44.63183484,-18.44591442,"MG"
-43.3472064653741,-21.975744888578,22,FALSE,"1","11.1","11",-44.63183484,-18.44591442,"MG"
-44.7492795578606,-22.4047396029282,23,FALSE,"1","11.1","11",-44.63183484,-18.44591442,"MG"
-46.3432565093745,-22.903933452354,24,FALSE,"1","11.1","11",-44.63183484,-18.44591442,"MG"
-47.4515992053904,-19.9867693947722,25,FALSE,"1","11.1","11",-44.63183484,-18.44591442,"MG"
-50.9685311524655,-19.9204702116453,26,FALSE,"1","11.1","11",-44.63183484,-18.44591442,"MG"
-50.9411163154616,-19.4719757375519,27,FALSE,"1","11.1","11",-44.63183484,-18.44591442,"MG"
-50.3105750643713,-18.6997852517214,28,FALSE,"1","11.1","11",-44.63183484,-18.44591442,"MG"
-49.4019690379554,-18.6763855400295,29,FALSE,"1","11.1","11",-44.63183484,-18.44591442,"MG"
-49.0181613199005,-18.3487895763439,30,FALSE,"1","11.1","11",-44.63183484,-18.44591442,"MG"
-48.2583786943631,-18.3409896724466,31,FALSE,"1","11.1","11",-44.63183484,-18.44591442,"MG"
-47.8667381657356,-18.5281873659813,32,FALSE,"1","11.1","11",-44.63183484,-18.44591442,"MG"
-47.2831937780806,-18.056293180196,33,FALSE,"1","11.1","11",-44.63183484,-18.44591442,"MG"
-47.3106086150845,-16.047817926647,34,FALSE,"1","11.1","11",-44.63183484,-18.44591442,"MG"
-46.8093087384413,-15.8723200889582,35,FALSE,"1","11.1","11",-44.63183484,-18.44591442,"MG"
-46.8406399807315,-14.9831310446686,36,FALSE,"1","11.1","11",-44.63183484,-18.44591442,"MG"
-46.0260276811862,-14.8544326303635,37,FALSE,"1","11.1","11",-44.63183484,-18.44591442,"MG"
-46.0377768970451,-15.2210281135355,38,FALSE,"1","11.1","11",-44.63183484,-18.44591442,"MG"
-44.2088156283546,-14.2460401263758,39,FALSE,"1","11.1","11",-44.63183484,-18.44591442,"MG"
-39.959515892746,-15.9971185513147,40,FALSE,"1","11.1","11",-44.63183484,-18.44591442,"MG"
-53.0833900070541,-17.9938939490177,1,FALSE,"1","12.1","12",-54.88071217,-20.32456331,"MS"
-52.8366564740188,-18.6256861646972,2,FALSE,"1","12.1","12",-54.88071217,-20.32456331,"MS"
-50.9411163154616,-19.4719757375519,3,FALSE,"1","12.1","12",-54.88071217,-20.32456331,"MS"
-50.9685311524655,-19.9204702116453,4,FALSE,"1","12.1","12",-54.88071217,-20.32456331,"MS"
-52.4567651612501,-22.1746424379586,5,FALSE,"1","12.1","12",-54.88071217,-20.32456331,"MS"
-53.0951392229129,-22.5841373925656,6,FALSE,"1","12.1","12",-54.88071217,-20.32456331,"MS"
-53.5886062889836,-22.9312331159945,7,FALSE,"1","12.1","12",-54.88071217,-20.32456331,"MS"
-53.9528319806072,-23.4343269173689,8,FALSE,"1","12.1","12",-54.88071217,-20.32456331,"MS"
-54.2465623770778,-24.0349195174593,9,FALSE,"1","12.1","12",-54.88071217,-20.32456331,"MS"
-54.6891161744269,-23.8984211992569,10,FALSE,"1","12.1","12",-54.88071217,-20.32456331,"MS"
-55.3470722625211,-23.9959199979729,11,FALSE,"1","12.1","12",-54.88071217,-20.32456331,"MS"
-55.8327065180192,-22.2682412847259,12,FALSE,"1","12.1","12",-54.88071217,-20.32456331,"MS"
-57.9514817778941,-22.2058420535477,13,FALSE,"1","12.1","12",-54.88071217,-20.32456331,"MS"
-57.9240669408902,-20.9656573338805,14,FALSE,"1","12.1","12",-54.88071217,-20.32456331,"MS"
-58.249128579651,-19.9555697791831,15,FALSE,"1","12.1","12",-54.88071217,-20.32456331,"MS"
-57.4697639276823,-17.9236948139422,16,FALSE,"1","12.1","12",-54.88071217,-20.32456331,"MS"
-56.6903992757135,-17.3309021177491,17,FALSE,"1","12.1","12",-54.88071217,-20.32456331,"MS"
-55.9619478924663,-17.159304232009,18,FALSE,"1","12.1","12",-54.88071217,-20.32456331,"MS"
-55.1042551347721,-17.6467982255889,19,FALSE,"1","12.1","12",-54.88071217,-20.32456331,"MS"
-54.1055717867719,-17.6233985138971,20,FALSE,"1","12.1","12",-54.88071217,-20.32456331,"MS"
-53.6865164211405,-17.1866038956495,21,FALSE,"1","12.1","12",-54.88071217,-20.32456331,"MS"
-53.6904328264267,-17.6428982736402,22,FALSE,"1","12.1","12",-54.88071217,-20.32456331,"MS"
-54.0664077339091,-17.9977939009664,23,FALSE,"1","12.1","12",-54.88071217,-20.32456331,"MS"
-53.0833900070541,-17.9938939490177,24,FALSE,"1","12.1","12",-54.88071217,-20.32456331,"MS"
-60.6733834518553,-13.6961469016178,1,FALSE,"1","13.1","13",-55.9009429,-12.9315378,"MT"
-59.8391891258787,-12.2999641040051,2,FALSE,"1","13.1","13",-55.9009429,-12.9315378,"MT"
-59.8313563153062,-11.005180057057,3,FALSE,"1","13.1","13",-55.9009429,-12.9315378,"MT"
-61.550658235981,-10.9856802973138,4,FALSE,"1","13.1","13",-55.9009429,-12.9315378,"MT"
-61.5428254254084,-8.80560715802469,5,FALSE,"1","13.1","13",-55.9009429,-12.9315378,"MT"
-58.4136176016746,-8.78220744633285,6,FALSE,"1","13.1","13",-55.9009429,-12.9315378,"MT"
-58.1668840686392,-7.31582551364466,7,FALSE,"1","13.1","13",-55.9009429,-12.9315378,"MT"
-56.7569781655802,-9.40229980616643,8,FALSE,"1","13.1","13",-55.9009429,-12.9315378,"MT"
-50.2244141480732,-9.83909442441397,9,FALSE,"1","13.1","13",-55.9009429,-12.9315378,"MT"
-50.7374632405753,-11.4341747714072,10,FALSE,"1","13.1","13",-55.9009429,-12.9315378,"MT"
-50.5808070291243,-12.7952580014822,11,FALSE,"1","13.1","13",-55.9009429,-12.9315378,"MT"
-51.0977725269126,-14.9831310446686,12,FALSE,"1","13.1","13",-55.9009429,-12.9315378,"MT"
-51.6147380247009,-15.0689299875386,13,FALSE,"1","13.1","13",-55.9009429,-12.9315378,"MT"
-51.8340567207323,-15.8177207616773,14,FALSE,"1","13.1","13",-55.9009429,-12.9315378,"MT"
-52.2687777075088,-15.8879198967528,15,FALSE,"1","13.1","13",-55.9009429,-12.9315378,"MT"
-53.0089783066148,-16.835608220272,16,FALSE,"1","13.1","13",-55.9009429,-12.9315378,"MT"
-53.2478790290776,-17.635098369743,17,FALSE,"1","13.1","13",-55.9009429,-12.9315378,"MT"
-53.0833900070541,-17.9938939490177,18,FALSE,"1","13.1","13",-55.9009429,-12.9315378,"MT"
-54.0664077339091,-17.9977939009664,19,FALSE,"1","13.1","13",-55.9009429,-12.9315378,"MT"
-53.6904328264267,-17.6428982736402,20,FALSE,"1","13.1","13",-55.9009429,-12.9315378,"MT"
-53.6865164211405,-17.1866038956495,21,FALSE,"1","13.1","13",-55.9009429,-12.9315378,"MT"
-54.1055717867719,-17.6233985138971,22,FALSE,"1","13.1","13",-55.9009429,-12.9315378,"MT"
-55.1042551347721,-17.6467982255889,23,FALSE,"1","13.1","13",-55.9009429,-12.9315378,"MT"
-55.9619478924663,-17.159304232009,24,FALSE,"1","13.1","13",-55.9009429,-12.9315378,"MT"
-56.6903992757135,-17.3309021177491,25,FALSE,"1","13.1","13",-55.9009429,-12.9315378,"MT"
-57.4697639276823,-17.9236948139422,26,FALSE,"1","13.1","13",-55.9009429,-12.9315378,"MT"
-58.319623874804,-17.2646029346223,27,FALSE,"1","13.1","13",-55.9009429,-12.9315378,"MT"
-58.319623874804,-16.2623152838221,28,FALSE,"1","13.1","13",-55.9009429,-12.9315378,"MT"
-60.1720835752121,-16.2662152357707,29,FALSE,"1","13.1","13",-55.9009429,-12.9315378,"MT"
-60.1838327910709,-15.5018246538375,30,FALSE,"1","13.1","13",-55.9009429,-12.9315378,"MT"
-60.5754733196985,-15.06503003559,31,FALSE,"1","13.1","13",-55.9009429,-12.9315378,"MT"
-60.2464952756513,-15.0806298433845,32,FALSE,"1","13.1","13",-55.9009429,-12.9315378,"MT"
-60.2660773020827,-14.5970358017533,33,FALSE,"1","13.1","13",-55.9009429,-12.9315378,"MT"
-60.3953186765298,-14.0159429614061,34,FALSE,"1","13.1","13",-55.9009429,-12.9315378,"MT"
-60.6733834518553,-13.6961469016178,35,FALSE,"1","13.1","13",-55.9009429,-12.9315378,"MT"
-46.0730245446216,-1.03690287633616,1,FALSE,"1","14.1","14",-53.05652435,-3.96235376,"PA"
-46.8837204388805,-3.56797169100275,2,FALSE,"1","14.1","14",-53.05652435,-3.96235376,"PA"
-47.5495093375473,-4.5468596301111,3,FALSE,"1","14.1","14",-53.05652435,-3.96235376,"PA"
-48.5442762802612,-5.16305203799603,4,FALSE,"1","14.1","14",-53.05652435,-3.96235376,"PA"
-48.7518457604338,-5.35024973153069,5,FALSE,"1","14.1","14",-53.05652435,-3.96235376,"PA"
-48.1917998044964,-5.58034689650038,6,FALSE,"1","14.1","14",-53.05652435,-3.96235376,"PA"
-48.7361801392887,-6.72303281745156,7,FALSE,"1","14.1","14",-53.05652435,-3.96235376,"PA"
-49.0338269410456,-6.80103185642433,8,FALSE,"1","14.1","14",-53.05652435,-3.96235376,"PA"
-49.3823870115241,-7.58882215004937,9,FALSE,"1","14.1","14",-53.05652435,-3.96235376,"PA"
-49.1630683154927,-7.81891931501907,10,FALSE,"1","14.1","14",-53.05652435,-3.96235376,"PA"
-50.2244141480732,-9.83909442441397,11,FALSE,"1","14.1","14",-53.05652435,-3.96235376,"PA"
-56.7569781655802,-9.40229980616643,12,FALSE,"1","14.1","14",-53.05652435,-3.96235376,"PA"
-58.1668840686392,-7.31582551364466,13,FALSE,"1","14.1","14",-53.05652435,-3.96235376,"PA"
-58.4097011963883,-6.80103185642433,14,FALSE,"1","14.1","14",-53.05652435,-3.96235376,"PA"
-56.3575048263801,-2.24978793236283,15,FALSE,"1","14.1","14",-53.05652435,-3.96235376,"PA"
-58.3235402800902,-1.14220157894941,16,FALSE,"1","14.1","14",-53.05652435,-3.96235376,"PA"
-58.875753425455,-0.405110660656675,17,FALSE,"1","14.1","14",-53.05652435,-3.96235376,"PA"
-58.903168262459,0.273480978406482,18,FALSE,"1","14.1","14",-53.05652435,-3.96235376,"PA"
-58.8796698307413,1.28356853310393,19,FALSE,"1","14.1","14",-53.05652435,-3.96235376,"PA"
-57.1407858836351,1.91536074878342,20,FALSE,"1","14.1","14",-53.05652435,-3.96235376,"PA"
-56.0167775664742,1.95436026826981,21,FALSE,"1","14.1","14",-53.05652435,-3.96235376,"PA"
-56.0598580246232,2.47695382938741,22,FALSE,"1","14.1","14",-53.05652435,-3.96235376,"PA"
-54.8927692493132,2.46915392549013,23,FALSE,"1","14.1","14",-53.05652435,-3.96235376,"PA"
-54.7596114695799,1.73986291109468,24,FALSE,"1","14.1","14",-53.05652435,-3.96235376,"PA"
-54.348388914521,1.73986291109468,25,FALSE,"1","14.1","14",-53.05652435,-3.96235376,"PA"
-53.6121047207012,1.25236891751482,26,FALSE,"1","14.1","14",-53.05652435,-3.96235376,"PA"
-52.3431894079481,-1.17340119453852,27,FALSE,"1","14.1","14",-53.05652435,-3.96235376,"PA"
-51.6656512934225,-1.12270181920621,28,FALSE,"1","14.1","14",-53.05652435,-3.96235376,"PA"
-51.7165645621441,-0.728806672393695,29,FALSE,"1","14.1","14",-53.05652435,-3.96235376,"PA"
-50.1382532317752,0.651776317424449,30,FALSE,"1","14.1","14",-53.05652435,-3.96235376,"PA"
-49.9815970203242,0.324180353738782,31,FALSE,"1","14.1","14",-53.05652435,-3.96235376,"PA"
-49.6056221128417,0.355379969327899,32,FALSE,"1","14.1","14",-53.05652435,-3.96235376,"PA"
-48.4385333375318,-0.2569124866084,33,FALSE,"1","14.1","14",-53.05652435,-3.96235376,"PA"
-48.4189513111004,-0.502609459372643,34,FALSE,"1","14.1","14",-53.05652435,-3.96235376,"PA"
-47.9489826767474,-0.666407441215476,35,FALSE,"1","14.1","14",-53.05652435,-3.96235376,"PA"
-47.6474194697042,-0.432410324297145,36,FALSE,"1","14.1","14",-53.05652435,-3.96235376,"PA"
-46.0730245446216,-1.03690287633616,37,FALSE,"1","14.1","14",-53.05652435,-3.96235376,"PA"
-34.9700155580315,-6.48513574858459,1,FALSE,"1","15.1","15",-36.84475368,-7.12243622,"PB"
-34.8172757518668,-7.54592267861435,2,FALSE,"1","15.1","15",-36.84475368,-7.12243622,"PB"
-35.0640092849021,-7.39382455261743,3,FALSE,"1","15.1","15",-36.84475368,-7.12243622,"PB"
-35.475231839961,-7.46012373574429,4,FALSE,"1","15.1","15",-36.84475368,-7.12243622,"PB"
-35.5339779192551,-7.6512213812276,5,FALSE,"1","15.1","15",-36.84475368,-7.12243622,"PB"
-36.0000301483219,-7.82671921891634,6,FALSE,"1","15.1","15",-36.84475368,-7.12243622,"PB"
-36.2428472760709,-7.78771969942995,7,FALSE,"1","15.1","15",-36.84475368,-7.12243622,"PB"
-36.5835745359769,-7.92421801763231,8,FALSE,"1","15.1","15",-36.84475368,-7.12243622,"PB"
-36.6109893729808,-8.13871537480745,9,FALSE,"1","15.1","15",-36.84475368,-7.12243622,"PB"
-36.9908806857495,-8.31031326054756,10,FALSE,"1","15.1","15",-36.84475368,-7.12243622,"PB"
-37.3198587297966,-7.93201792152959,11,FALSE,"1","15.1","15",-36.84475368,-7.12243622,"PB"
-36.9595494434593,-7.45622378379565,12,FALSE,"1","15.1","15",-36.84475368,-7.12243622,"PB"
-37.2728618663613,-7.26512613831235,13,FALSE,"1","15.1","15",-36.84475368,-7.12243622,"PB"
-37.966065602032,-7.72532046825173,14,FALSE,"1","15.1","15",-36.84475368,-7.12243622,"PB"
-38.7101826064243,-7.74872017994356,15,FALSE,"1","15.1","15",-36.84475368,-7.12243622,"PB"
-38.5378607738282,-7.28852585000418,16,FALSE,"1","15.1","15",-36.84475368,-7.12243622,"PB"
-38.7650122804321,-6.94923003047261,17,FALSE,"1","15.1","15",-36.84475368,-7.12243622,"PB"
-38.5691920161184,-6.35643733427951,18,FALSE,"1","15.1","15",-36.84475368,-7.12243622,"PB"
-38.1070561923379,-6.48903570053323,19,FALSE,"1","15.1","15",-36.84475368,-7.12243622,"PB"
-37.2611126505025,-5.98594189915882,20,FALSE,"1","15.1","15",-36.84475368,-7.12243622,"PB"
-37.1671189236319,-6.13804002515574,21,FALSE,"1","15.1","15",-36.84475368,-7.12243622,"PB"
-37.4765149412476,-6.67623339406789,22,FALSE,"1","15.1","15",-36.84475368,-7.12243622,"PB"
-36.7010666945651,-6.98042964606172,23,FALSE,"1","15.1","15",-36.84475368,-7.12243622,"PB"
-36.3760050558043,-6.46953594079003,24,FALSE,"1","15.1","15",-36.84475368,-7.12243622,"PB"
-34.9700155580315,-6.48513574858459,25,FALSE,"1","15.1","15",-36.84475368,-7.12243622,"PB"
-34.8172757518668,-7.54592267861435,1,FALSE,"1","16.1","16",-38.05086544,-8.3309948,"PE"
-35.1188389589099,-8.87970624504882,2,FALSE,"1","16.1","16",-38.05086544,-8.3309948,"PE"
-35.5261451086826,-8.8173070138706,3,FALSE,"1","16.1","16",-38.05086544,-8.3309948,"PE"
-35.7062997518512,-8.91480581258657,4,FALSE,"1","16.1","16",-38.05086544,-8.3309948,"PE"
-35.9608660954591,-8.84850662945971,5,FALSE,"1","16.1","16",-38.05086544,-8.3309948,"PE"
-36.6149057782671,-9.35160043083412,6,FALSE,"1","16.1","16",-38.05086544,-8.3309948,"PE"
-36.6893174787063,-9.27750134380998,7,FALSE,"1","16.1","16",-38.05086544,-8.3309948,"PE"
-36.8929705535926,-9.27360139186134,8,FALSE,"1","16.1","16",-38.05086544,-8.3309948,"PE"
-36.9478002276004,-9.38669999837187,9,FALSE,"1","16.1","16",-38.05086544,-8.3309948,"PE"
-37.7898273641496,-8.85240658140835,10,FALSE,"1","16.1","16",-38.05086544,-8.3309948,"PE"
-38.2245483509261,-9.32040081524501,11,FALSE,"1","16.1","16",-38.05086544,-8.3309948,"PE"
-38.3616225359458,-9.15270288145354,12,FALSE,"1","16.1","16",-38.05086544,-8.3309948,"PE"
-38.2950436460791,-9.03570432299438,13,FALSE,"1","16.1","16",-38.05086544,-8.3309948,"PE"
-38.5261115579693,-8.84850662945971,14,FALSE,"1","16.1","16",-38.05086544,-8.3309948,"PE"
-38.6671021482752,-8.98110499571343,15,FALSE,"1","16.1","16",-38.05086544,-8.3309948,"PE"
-39.4112191526675,-8.52091066577405,16,FALSE,"1","16.1","16",-38.05086544,-8.3309948,"PE"
-40.3942368795226,-9.42569951785826,17,FALSE,"1","16.1","16",-38.05086544,-8.3309948,"PE"
-40.7427969500011,-9.41789961396098,18,FALSE,"1","16.1","16",-38.05086544,-8.3309948,"PE"
-40.7349641394285,-9.14490297755626,19,FALSE,"1","16.1","16",-38.05086544,-8.3309948,"PE"
-41.2558460425031,-8.65350903202777,20,FALSE,"1","16.1","16",-38.05086544,-8.3309948,"PE"
-40.5469766856873,-8.06071633583467,21,FALSE,"1","16.1","16",-38.05086544,-8.3309948,"PE"
-40.5508930909736,-7.81891931501907,22,FALSE,"1","16.1","16",-38.05086544,-8.3309948,"PE"
-40.7192985182834,-7.75652008384084,23,FALSE,"1","16.1","16",-38.05086544,-8.3309948,"PE"
-40.7153821129971,-7.46402368769293,24,FALSE,"1","16.1","16",-38.05086544,-8.3309948,"PE"
-40.5469766856873,-7.39382455261743,25,FALSE,"1","16.1","16",-38.05086544,-8.3309948,"PE"
-39.6853675227068,-7.33142532143921,26,FALSE,"1","16.1","16",-38.05086544,-8.3309948,"PE"
-39.1292379720557,-7.74872017994356,27,FALSE,"1","16.1","16",-38.05086544,-8.3309948,"PE"
-38.7101826064243,-7.74872017994356,28,FALSE,"1","16.1","16",-38.05086544,-8.3309948,"PE"
-37.966065602032,-7.72532046825173,29,FALSE,"1","16.1","16",-38.05086544,-8.3309948,"PE"
-37.2728618663613,-7.26512613831235,30,FALSE,"1","16.1","16",-38.05086544,-8.3309948,"PE"
-36.9595494434593,-7.45622378379565,31,FALSE,"1","16.1","16",-38.05086544,-8.3309948,"PE"
-37.3198587297966,-7.93201792152959,32,FALSE,"1","16.1","16",-38.05086544,-8.3309948,"PE"
-36.9908806857495,-8.31031326054756,33,FALSE,"1","16.1","16",-38.05086544,-8.3309948,"PE"
-36.6109893729808,-8.13871537480745,34,FALSE,"1","16.1","16",-38.05086544,-8.3309948,"PE"
-36.5835745359769,-7.92421801763231,35,FALSE,"1","16.1","16",-38.05086544,-8.3309948,"PE"
-36.2428472760709,-7.78771969942995,36,FALSE,"1","16.1","16",-38.05086544,-8.3309948,"PE"
-36.0000301483219,-7.82671921891634,37,FALSE,"1","16.1","16",-38.05086544,-8.3309948,"PE"
-35.5339779192551,-7.6512213812276,38,FALSE,"1","16.1","16",-38.05086544,-8.3309948,"PE"
-35.475231839961,-7.46012373574429,39,FALSE,"1","16.1","16",-38.05086544,-8.3309948,"PE"
-35.0640092849021,-7.39382455261743,40,FALSE,"1","16.1","16",-38.05086544,-8.3309948,"PE"
-34.8172757518668,-7.54592267861435,41,FALSE,"1","16.1","16",-38.05086544,-8.3309948,"PE"
-41.8198084037267,-2.72558207009677,1,FALSE,"1","17.1","17",-42.96002697,-7.34565174,"PI"
-41.3224249323698,-2.91277976363143,2,FALSE,"1","17.1","17",-42.96002697,-7.34565174,"PI"
-41.040443751758,-4.90175525743723,3,FALSE,"1","17.1","17",-42.96002697,-7.34565174,"PI"
-40.6958000865658,-6.64503377847878,4,FALSE,"1","17.1","17",-42.96002697,-7.34565174,"PI"
-40.3903204742363,-6.76983224083522,5,FALSE,"1","17.1","17",-42.96002697,-7.34565174,"PI"
-40.5469766856873,-7.39382455261743,6,FALSE,"1","17.1","17",-42.96002697,-7.34565174,"PI"
-40.7153821129971,-7.46402368769293,7,FALSE,"1","17.1","17",-42.96002697,-7.34565174,"PI"
-40.7192985182834,-7.75652008384084,8,FALSE,"1","17.1","17",-42.96002697,-7.34565174,"PI"
-40.5508930909736,-7.81891931501907,9,FALSE,"1","17.1","17",-42.96002697,-7.34565174,"PI"
-40.5469766856873,-8.06071633583467,10,FALSE,"1","17.1","17",-42.96002697,-7.34565174,"PI"
-41.2558460425031,-8.65350903202777,11,FALSE,"1","17.1","17",-42.96002697,-7.34565174,"PI"
-41.8785544830209,-9.25410163211815,12,FALSE,"1","17.1","17",-42.96002697,-7.34565174,"PI"
-42.2388637693582,-9.25410163211815,13,FALSE,"1","17.1","17",-42.96002697,-7.34565174,"PI"
-42.763662077719,-9.61679716334156,14,FALSE,"1","17.1","17",-42.96002697,-7.34565174,"PI"
-43.4842806503937,-9.26580148796407,15,FALSE,"1","17.1","17",-42.96002697,-7.34565174,"PI"
-43.8524227473035,-9.5504979802147,16,FALSE,"1","17.1","17",-42.96002697,-7.34565174,"PI"
-43.6683516988486,-10.0340920218459,17,FALSE,"1","17.1","17",-42.96002697,-7.34565174,"PI"
-44.1344039279154,-10.6346846219363,18,FALSE,"1","17.1","17",-42.96002697,-7.34565174,"PI"
-45.2466630292175,-10.821882315471,19,FALSE,"1","17.1","17",-42.96002697,-7.34565174,"PI"
-45.8145417957274,-10.2524893309697,20,FALSE,"1","17.1","17",-42.96002697,-7.34565174,"PI"
-45.9594487913196,-8.85630653335699,21,FALSE,"1","17.1","17",-42.96002697,-7.34565174,"PI"
-45.4542325093901,-7.67072114097079,22,FALSE,"1","17.1","17",-42.96002697,-7.34565174,"PI"
-44.5730413199782,-7.32362541754193,23,FALSE,"1","17.1","17",-42.96002697,-7.34565174,"PI"
-44.0874070644801,-6.81273171227025,24,FALSE,"1","17.1","17",-42.96002697,-7.34565174,"PI"
-43.6252712406996,-6.64503377847878,25,FALSE,"1","17.1","17",-42.96002697,-7.34565174,"PI"
-43.4764478398211,-6.89073075124303,26,FALSE,"1","17.1","17",-42.96002697,-7.34565174,"PI"
-42.9203182891701,-6.66843349017061,27,FALSE,"1","17.1","17",-42.96002697,-7.34565174,"PI"
-42.9868971790367,-4.23486347421999,28,FALSE,"1","17.1","17",-42.96002697,-7.34565174,"PI"
-41.8198084037267,-2.72558207009677,29,FALSE,"1","17.1","17",-42.96002697,-7.34565174,"PI"
-53.0951392229129,-22.5841373925656,1,FALSE,"1","18.1","18",-51.63564162,-24.65625532,"PR"
-49.7622783242928,-23.0560315783509,2,FALSE,"1","18.1","18",-51.63564162,-24.65625532,"PR"
-49.2022323683554,-24.5692129344228,3,FALSE,"1","18.1","18",-51.63564162,-24.65625532,"PR"
-48.0233943771866,-25.2322047656914,4,FALSE,"1","18.1","18",-51.63564162,-24.65625532,"PR"
-48.599105954269,-25.98099553983,5,FALSE,"1","18.1","18",-51.63564162,-24.65625532,"PR"
-49.1709011260652,-25.98099553983,6,FALSE,"1","18.1","18",-51.63564162,-24.65625532,"PR"
-49.52337760183,-26.2071927528511,7,FALSE,"1","18.1","18",-51.63564162,-24.65625532,"PR"
-49.9032689145987,-26.0199950593164,8,FALSE,"1","18.1","18",-51.63564162,-24.65625532,"PR"
-50.5847234344105,-26.0277949632137,9,FALSE,"1","18.1","18",-51.63564162,-24.65625532,"PR"
-50.7217976194302,-26.2266925125943,10,FALSE,"1","18.1","18",-51.63564162,-24.65625532,"PR"
-51.2622615489361,-26.3007915996184,11,FALSE,"1","18.1","18",-51.63564162,-24.65625532,"PR"
-51.3797537075244,-26.6322875152527,12,FALSE,"1","18.1","18",-51.63564162,-24.65625532,"PR"
-53.6395195577052,-26.261792080132,13,FALSE,"1","18.1","18",-51.63564162,-24.65625532,"PR"
-53.9489155753209,-25.6416997202985,14,FALSE,"1","18.1","18",-51.63564162,-24.65625532,"PR"
-54.5872896369837,-25.5949002969148,15,FALSE,"1","18.1","18",-51.63564162,-24.65625532,"PR"
-54.2465623770778,-24.0349195174593,16,FALSE,"1","18.1","18",-51.63564162,-24.65625532,"PR"
-53.9528319806072,-23.4343269173689,17,FALSE,"1","18.1","18",-51.63564162,-24.65625532,"PR"
-53.5886062889836,-22.9312331159945,18,FALSE,"1","18.1","18",-51.63564162,-24.65625532,"PR"
-53.0951392229129,-22.5841373925656,19,FALSE,"1","18.1","18",-51.63564162,-24.65625532,"PR"
-44.741446747288,-23.3602278303448,1,FALSE,"1","19.1","19",-42.68177068,-22.21735401,"RJ"
-44.8628553111625,-23.0053322030186,2,FALSE,"1","19.1","19",-42.68177068,-22.21735401,"RJ"
-44.2244812494997,-22.7752350380489,3,FALSE,"1","19.1","19",-42.68177068,-22.21735401,"RJ"
-44.3067257605115,-22.580237440617,4,FALSE,"1","19.1","19",-42.68177068,-22.21735401,"RJ"
-44.5769577252644,-22.666036383487,5,FALSE,"1","19.1","19",-42.68177068,-22.21735401,"RJ"
-44.7492795578606,-22.4047396029282,6,FALSE,"1","19.1","19",-42.68177068,-22.21735401,"RJ"
-43.3472064653741,-21.975744888578,7,FALSE,"1","19.1","19",-42.68177068,-22.21735401,"RJ"
-43.0848073111936,-22.0888434950885,8,FALSE,"1","19.1","19",-42.68177068,-22.21735401,"RJ"
-42.3054426592249,-21.7183480599678,9,FALSE,"1","19.1","19",-42.68177068,-22.21735401,"RJ"
-42.3602723332327,-21.6286491651491,10,FALSE,"1","19.1","19",-42.68177068,-22.21735401,"RJ"
-42.093956773766,-20.9578574299832,11,FALSE,"1","19.1","19",-42.68177068,-22.21735401,"RJ"
-41.9607989940326,-20.9617573819319,12,FALSE,"1","19.1","19",-42.68177068,-22.21735401,"RJ"
-41.8863872935934,-20.7862595442431,13,FALSE,"1","19.1","19",-42.68177068,-22.21735401,"RJ"
-41.7140654609973,-20.8330589676268,14,FALSE,"1","19.1","19",-42.68177068,-22.21735401,"RJ"
-41.7179818662836,-21.1216554118261,15,FALSE,"1","19.1","19",-42.68177068,-22.21735401,"RJ"
-40.926867998456,-21.3088531053607,16,FALSE,"1","19.1","19",-42.68177068,-22.21735401,"RJ"
-41.0678585887619,-21.5233504625359,17,FALSE,"1","19.1","19",-42.68177068,-22.21735401,"RJ"
-40.9777812671776,-21.9913446963725,18,FALSE,"1","19.1","19",-42.68177068,-22.21735401,"RJ"
-41.2245148002129,-22.1317429665235,19,FALSE,"1","19.1","19",-42.68177068,-22.21735401,"RJ"
-41.5574092495463,-22.2409416210854,20,FALSE,"1","19.1","19",-42.68177068,-22.21735401,"RJ"
-41.9882138310366,-22.5997372003602,21,FALSE,"1","19.1","19",-42.68177068,-22.21735401,"RJ"
-41.8707216724483,-22.7284356146653,22,FALSE,"1","19.1","19",-42.68177068,-22.21735401,"RJ"
-42.0273778838993,-22.946832923789,23,FALSE,"1","19.1","19",-42.68177068,-22.21735401,"RJ"
-43.0221448266132,-22.9702326354809,24,FALSE,"1","19.1","19",-42.68177068,-22.21735401,"RJ"
-43.5821907825506,-23.0560315783509,25,FALSE,"1","19.1","19",-42.68177068,-22.21735401,"RJ"
-43.844589936731,-22.9234332120972,26,FALSE,"1","19.1","19",-42.68177068,-22.21735401,"RJ"
-44.6004561569821,-23.184729992656,27,FALSE,"1","19.1","19",-42.68177068,-22.21735401,"RJ"
-44.5573756988331,-23.3056285030638,28,FALSE,"1","19.1","19",-42.68177068,-22.21735401,"RJ"
-44.741446747288,-23.3602278303448,29,FALSE,"1","19.1","19",-42.68177068,-22.21735401,"RJ"
-37.3002767033652,-4.81595631456717,1,FALSE,"1","20.1","20",-36.68738063,-5.84257864,"RN"
-36.6697354522749,-5.08115304707461,2,FALSE,"1","20.1","20",-36.68738063,-5.84257864,"RN"
-35.9569496901728,-5.04605347953687,3,FALSE,"1","20.1","20",-36.68738063,-5.84257864,"RN"
-35.361656086659,-5.21765136527697,4,FALSE,"1","20.1","20",-36.68738063,-5.84257864,"RN"
-34.9700155580315,-6.48513574858459,5,FALSE,"1","20.1","20",-36.68738063,-5.84257864,"RN"
-36.3760050558043,-6.46953594079003,6,FALSE,"1","20.1","20",-36.68738063,-5.84257864,"RN"
-36.7010666945651,-6.98042964606172,7,FALSE,"1","20.1","20",-36.68738063,-5.84257864,"RN"
-37.4765149412476,-6.67623339406789,8,FALSE,"1","20.1","20",-36.68738063,-5.84257864,"RN"
-37.1671189236319,-6.13804002515574,9,FALSE,"1","20.1","20",-36.68738063,-5.84257864,"RN"
-37.2611126505025,-5.98594189915882,10,FALSE,"1","20.1","20",-36.68738063,-5.84257864,"RN"
-38.1070561923379,-6.48903570053323,11,FALSE,"1","20.1","20",-36.68738063,-5.84257864,"RN"
-38.5691920161184,-6.35643733427951,12,FALSE,"1","20.1","20",-36.68738063,-5.84257864,"RN"
-37.6331711526986,-4.94855468082089,13,FALSE,"1","20.1","20",-36.68738063,-5.84257864,"RN"
-37.3002767033652,-4.81595631456717,14,FALSE,"1","20.1","20",-36.68738063,-5.84257864,"RN"
-66.8064741301622,-9.81569471272214,1,FALSE,"1","21.1","21",-62.84283601,-10.91069915,"RO"
-66.305174253519,-9.42179956590962,2,FALSE,"1","21.1","21",-62.84283601,-10.91069915,"RO"
-64.8952683504599,-9.44129932565281,3,FALSE,"1","21.1","21",-62.84283601,-10.91069915,"RO"
-64.9031011610325,-8.93040562038113,4,FALSE,"1","21.1","21",-62.84283601,-10.91069915,"RO"
-64.2764763152285,-8.91870576453521,5,FALSE,"1","21.1","21",-62.84283601,-10.91069915,"RO"
-63.5676069584127,-7.98661724881053,6,FALSE,"1","21.1","21",-62.84283601,-10.91069915,"RO"
-62.8509047910243,-7.9827172968619,7,FALSE,"1","21.1","21",-62.84283601,-10.91069915,"RO"
-62.1459518394948,-8.77440754243558,8,FALSE,"1","21.1","21",-62.84283601,-10.91069915,"RO"
-61.5428254254084,-8.80560715802469,9,FALSE,"1","21.1","21",-62.84283601,-10.91069915,"RO"
-61.550658235981,-10.9856802973138,10,FALSE,"1","21.1","21",-62.84283601,-10.91069915,"RO"
-59.8313563153062,-11.005180057057,11,FALSE,"1","21.1","21",-62.84283601,-10.91069915,"RO"
-59.8391891258787,-12.2999641040051,12,FALSE,"1","21.1","21",-62.84283601,-10.91069915,"RO"
-60.6733834518553,-13.6961469016178,13,FALSE,"1","21.1","21",-62.84283601,-10.91069915,"RO"
-61.0336927381926,-13.5050492561345,14,FALSE,"1","21.1","21",-62.84283601,-10.91069915,"RO"
-61.863970658883,-13.5362488717236,15,FALSE,"1","21.1","21",-62.84283601,-10.91069915,"RO"
-62.1733666764987,-13.1852531963461,16,FALSE,"1","21.1","21",-62.84283601,-10.91069915,"RO"
-63.814340491448,-12.4169626624642,17,FALSE,"1","21.1","21",-62.84283601,-10.91069915,"RO"
-64.2098974253618,-12.5690607884611,18,FALSE,"1","21.1","21",-62.84283601,-10.91069915,"RO"
-65.3104073108051,-11.7149713117092,19,FALSE,"1","21.1","21",-62.84283601,-10.91069915,"RO"
-65.3064909055188,-9.90539360754083,20,FALSE,"1","21.1","21",-62.84283601,-10.91069915,"RO"
-66.5989046499896,-9.89759370364355,21,FALSE,"1","21.1","21",-62.84283601,-10.91069915,"RO"
-66.8064741301622,-9.81569471272214,22,FALSE,"1","21.1","21",-62.84283601,-10.91069915,"RO"
-58.8796698307413,1.28356853310393,1,FALSE,"1","22.1","22",-61.39106106,2.10032807,"RR"
-58.903168262459,0.273480978406482,2,FALSE,"1","22.1","22",-61.39106106,2.10032807,"RR"
-60.0545914166239,0.246181314766012,3,FALSE,"1","22.1","22",-61.39106106,2.10032807,"RR"
-60.4070678923886,-0.502609459372643,4,FALSE,"1","22.1","22",-61.39106106,2.10032807,"RR"
-60.2934921390866,-0.678107297061388,5,FALSE,"1","22.1","22",-61.39106106,2.10032807,"RR"
-60.6890490730004,-0.88090479839061,6,FALSE,"1","22.1","22",-61.39106106,2.10032807,"RR"
-61.166850517926,-0.475309795732173,7,FALSE,"1","22.1","22",-61.39106106,2.10032807,"RR"
-61.5898222888437,-0.822405519161023,8,FALSE,"1","22.1","22",-61.39106106,2.10032807,"RR"
-61.4840793461143,-1.56729634135104,9,FALSE,"1","22.1","22",-61.39106106,2.10032807,"RR"
-62.5023447205458,-0.771706143828723,10,FALSE,"1","22.1","22",-61.39106106,2.10032807,"RR"
-62.263443998083,-0.327111621683898,11,FALSE,"1","22.1","22",-61.39106106,2.10032807,"RR"
-62.7334126324361,1.84516161370792,12,FALSE,"1","22.1","22",-61.39106106,2.10032807,"RR"
-63.3913687205303,2.20005724103406,13,FALSE,"1","22.1","22",-61.39106106,2.10032807,"RR"
-63.4070343416754,2.41455459820919,14,FALSE,"1","22.1","22",-61.39106106,2.10032807,"RR"
-63.9905787293304,2.41065464626055,15,FALSE,"1","22.1","22",-61.39106106,2.10032807,"RR"
-64.2138138306481,3.57284032695492,16,FALSE,"1","22.1","22",-61.39106106,2.10032807,"RR"
-64.8521878923109,4.2241323023776,17,FALSE,"1","22.1","22",-61.39106106,2.10032807,"RR"
-64.7621105707266,4.29823138940174,18,FALSE,"1","22.1","22",-61.39106106,2.10032807,"RR"
-64.5702067116991,4.13053345561027,19,FALSE,"1","22.1","22",-61.39106106,2.10032807,"RR"
-64.1119872932049,4.1032337919698,20,FALSE,"1","22.1","22",-61.39106106,2.10032807,"RR"
-63.9827459187578,3.90823619453786,21,FALSE,"1","22.1","22",-61.39106106,2.10032807,"RR"
-63.1837992403577,3.94333576207561,22,FALSE,"1","22.1","22",-61.39106106,2.10032807,"RR"
-62.9840625707577,3.61183984644131,23,FALSE,"1","22.1","22",-61.39106106,2.10032807,"RR"
-62.7138306060047,3.68983888541408,24,FALSE,"1","22.1","22",-61.39106106,2.10032807,"RR"
-62.8274063593067,3.97063542571608,25,FALSE,"1","22.1","22",-61.39106106,2.10032807,"RR"
-62.3300228879497,4.1734329270453,26,FALSE,"1","22.1","22",-61.39106106,2.10032807,"RR"
-62.0441253020516,4.09933384002116,27,FALSE,"1","22.1","22",-61.39106106,2.10032807,"RR"
-60.7203803152906,4.78182543103296,28,FALSE,"1","22.1","22",-61.39106106,2.10032807,"RR"
-60.7321295311495,5.23421985707505,29,FALSE,"1","22.1","22",-61.39106106,2.10032807,"RR"
-60.0154273637611,5.24981966486961,30,FALSE,"1","22.1","22",-61.39106106,2.10032807,"RR"
-59.9919289320435,4.52832855437143,31,FALSE,"1","22.1","22",-61.39106106,2.10032807,"RR"
-59.6277032404199,4.38793028422043,32,FALSE,"1","22.1","22",-61.39106106,2.10032807,"RR"
-59.6120376192748,3.80293749192461,33,FALSE,"1","22.1","22",-61.39106106,2.10032807,"RR"
-59.9645140950395,2.99954739050501,34,FALSE,"1","22.1","22",-61.39106106,2.10032807,"RR"
-59.9449320686082,2.36385522287689,35,FALSE,"1","22.1","22",-61.39106106,2.10032807,"RR"
-59.7451953990081,2.29365608780139,36,FALSE,"1","22.1","22",-61.39106106,2.10032807,"RR"
-59.7412789937218,1.8724612773484,37,FALSE,"1","22.1","22",-61.39106106,2.10032807,"RR"
-59.2360627117923,1.36546752402535,38,FALSE,"1","22.1","22",-61.39106106,2.10032807,"RR"
-58.8796698307413,1.28356853310393,39,FALSE,"1","22.1","22",-61.39106106,2.10032807,"RR"
-53.8353398220189,-27.1704808841649,1,FALSE,"1","23.1","23",-53.33181857,-29.75305162,"RS"
-51.7674778308656,-27.4161778569291,2,FALSE,"1","23.1","23",-53.33181857,-29.75305162,"RS"
-50.5690578132654,-28.367766132397,3,FALSE,"1","23.1","23",-53.33181857,-29.75305162,"RS"
-49.8484392405908,-28.5549638259317,4,FALSE,"1","23.1","23",-53.33181857,-29.75305162,"RS"
-50.0246774784732,-29.0736574351006,5,FALSE,"1","23.1","23",-53.33181857,-29.75305162,"RS"
-49.7583619190065,-29.3076545520189,6,FALSE,"1","23.1","23",-53.33181857,-29.75305162,"RS"
-50.2870766326536,-30.4893399924565,7,FALSE,"1","23.1","23",-53.33181857,-29.75305162,"RS"
-50.8079585357282,-31.1835314393142,8,FALSE,"1","23.1","23",-53.33181857,-29.75305162,"RS"
-51.1956826590695,-31.5228272588458,9,FALSE,"1","23.1","23",-53.33181857,-29.75305162,"RS"
-52.0651246326225,-32.1390196667307,10,FALSE,"1","23.1","23",-53.33181857,-29.75305162,"RS"
-52.0690410379088,-31.8387233666855,11,FALSE,"1","23.1","23",-53.33181857,-29.75305162,"RS"
-51.8771371788813,-31.8387233666855,12,FALSE,"1","23.1","23",-53.33181857,-29.75305162,"RS"
-51.4071685445283,-31.5072274510512,13,FALSE,"1","23.1","23",-53.33181857,-29.75305162,"RS"
-50.6826335665674,-30.5127397041483,14,FALSE,"1","23.1","23",-53.33181857,-29.75305162,"RS"
-51.1878498484969,-30.4152409054324,15,FALSE,"1","23.1","23",-53.33181857,-29.75305162,"RS"
-51.6695676987088,-31.2420307185438,16,FALSE,"1","23.1","23",-53.33181857,-29.75305162,"RS"
-52.2648613022226,-31.8348234147369,17,FALSE,"1","23.1","23",-53.33181857,-29.75305162,"RS"
-52.1082050907716,-31.9245223095556,18,FALSE,"1","23.1","23",-53.33181857,-29.75305162,"RS"
-52.1082050907716,-32.1585194264739,19,FALSE,"1","23.1","23",-53.33181857,-29.75305162,"RS"
-52.3392730026618,-32.4237161589814,20,FALSE,"1","23.1","23",-53.33181857,-29.75305162,"RS"
-52.5429260775481,-33.0087089512772,21,FALSE,"1","23.1","23",-53.33181857,-29.75305162,"RS"
-52.7622447735795,-33.2778056357333,22,FALSE,"1","23.1","23",-53.33181857,-29.75305162,"RS"
-53.3771204035247,-33.7457998695699,23,FALSE,"1","23.1","23",-53.33181857,-29.75305162,"RS"
-53.5337766149757,-33.6132015033162,24,FALSE,"1","23.1","23",-53.33181857,-29.75305162,"RS"
-53.4162844563875,-33.2622058279387,25,FALSE,"1","23.1","23",-53.33181857,-29.75305162,"RS"
-53.0168111171874,-32.7825117382561,26,FALSE,"1","23.1","23",-53.33181857,-29.75305162,"RS"
-52.8014088264423,-32.9112101525612,27,FALSE,"1","23.1","23",-53.33181857,-29.75305162,"RS"
-52.5938393462697,-32.4822154382109,28,FALSE,"1","23.1","23",-53.33181857,-29.75305162,"RS"
-52.7700775841521,-32.3691168317004,29,FALSE,"1","23.1","23",-53.33181857,-29.75305162,"RS"
-53.1969657603561,-32.6382135161565,30,FALSE,"1","23.1","23",-53.33181857,-29.75305162,"RS"
-55.5233105004035,-30.9027348990122,31,FALSE,"1","23.1","23",-53.33181857,-29.75305162,"RS"
-55.9697807030389,-31.1016324483928,32,FALSE,"1","23.1","23",-53.33181857,-29.75305162,"RS"
-57.3914358219567,-30.0486454222603,33,FALSE,"1","23.1","23",-53.33181857,-29.75305162,"RS"
-55.6368862537055,-28.1337690154787,34,FALSE,"1","23.1","23",-53.33181857,-29.75305162,"RS"
-53.8353398220189,-27.1704808841649,35,FALSE,"1","23.1","23",-53.33181857,-29.75305162,"RS"
-53.6395195577052,-26.261792080132,1,FALSE,"1","24.1","24",-50.50838917,-27.24658227,"SC"
-51.3797537075244,-26.6322875152527,2,FALSE,"1","24.1","24",-50.50838917,-27.24658227,"SC"
-51.2622615489361,-26.3007915996184,3,FALSE,"1","24.1","24",-50.50838917,-27.24658227,"SC"
-50.7217976194302,-26.2266925125943,4,FALSE,"1","24.1","24",-50.50838917,-27.24658227,"SC"
-50.5847234344105,-26.0277949632137,5,FALSE,"1","24.1","24",-50.50838917,-27.24658227,"SC"
-49.9032689145987,-26.0199950593164,6,FALSE,"1","24.1","24",-50.50838917,-27.24658227,"SC"
-49.52337760183,-26.2071927528511,7,FALSE,"1","24.1","24",-50.50838917,-27.24658227,"SC"
-49.1709011260652,-25.98099553983,8,FALSE,"1","24.1","24",-50.50838917,-27.24658227,"SC"
-48.599105954269,-25.98099553983,9,FALSE,"1","24.1","24",-50.50838917,-27.24658227,"SC"
-48.4816137956808,-26.2344924164916,10,FALSE,"1","24.1","24",-50.50838917,-27.24658227,"SC"
-48.6735176547083,-26.7102865542255,11,FALSE,"1","24.1","24",-50.50838917,-27.24658227,"SC"
-48.5756075225514,-27.3615785296482,12,FALSE,"1","24.1","24",-50.50838917,-27.24658227,"SC"
-48.5834403331239,-27.8529724751767,13,FALSE,"1","24.1","24",-50.50838917,-27.24658227,"SC"
-48.7440129498612,-28.508164402548,14,FALSE,"1","24.1","24",-50.50838917,-27.24658227,"SC"
-49.7583619190065,-29.3076545520189,15,FALSE,"1","24.1","24",-50.50838917,-27.24658227,"SC"
-50.0246774784732,-29.0736574351006,16,FALSE,"1","24.1","24",-50.50838917,-27.24658227,"SC"
-49.8484392405908,-28.5549638259317,17,FALSE,"1","24.1","24",-50.50838917,-27.24658227,"SC"
-50.5690578132654,-28.367766132397,18,FALSE,"1","24.1","24",-50.50838917,-27.24658227,"SC"
-51.7674778308656,-27.4161778569291,19,FALSE,"1","24.1","24",-50.50838917,-27.24658227,"SC"
-53.8353398220189,-27.1704808841649,20,FALSE,"1","24.1","24",-50.50838917,-27.24658227,"SC"
-53.6395195577052,-26.261792080132,21,FALSE,"1","24.1","24",-50.50838917,-27.24658227,"SC"
-37.9934804390359,-9.49979860488239,1,FALSE,"1","25.1","25",-37.44218263,-10.5944836,"SE"
-36.955633038173,-10.0067923582054,2,FALSE,"1","25.1","25",-37.44218263,-10.5944836,"SE"
-36.9478002276004,-10.0925913010755,3,FALSE,"1","25.1","25",-37.44218263,-10.5944836,"SE"
-36.6971502892788,-10.2836889465588,4,FALSE,"1","25.1","25",-37.44218263,-10.5944836,"SE"
-36.6384042099847,-10.2524893309697,5,FALSE,"1","25.1","25",-37.44218263,-10.5944836,"SE"
-36.5679089148318,-10.3226884660452,6,FALSE,"1","25.1","25",-37.44218263,-10.5944836,"SE"
-36.5639925095455,-10.4123873608639,7,FALSE,"1","25.1","25",-37.44218263,-10.5944836,"SE"
-36.4504167562435,-10.400687505018,8,FALSE,"1","25.1","25",-37.44218263,-10.5944836,"SE"
-36.3955870822357,-10.4942863517853,9,FALSE,"1","25.1","25",-37.44218263,-10.5944836,"SE"
-36.4230019192396,-10.5371858232203,10,FALSE,"1","25.1","25",-37.44218263,-10.5944836,"SE"
-36.5326612672553,-10.5371858232203,11,FALSE,"1","25.1","25",-37.44218263,-10.5944836,"SE"
-36.9086361747377,-10.7945826518305,12,FALSE,"1","25.1","25",-37.44218263,-10.5944836,"SE"
-37.4647657253888,-11.6174725129933,13,FALSE,"1","25.1","25",-37.44218263,-10.5944836,"SE"
-38.0052296548947,-11.3483758285372,14,FALSE,"1","25.1","25",-37.44218263,-10.5944836,"SE"
-38.2637124037889,-10.8179823635223,15,FALSE,"1","25.1","25",-37.44218263,-10.5944836,"SE"
-38.1971335139222,-10.7087837089604,16,FALSE,"1","25.1","25",-37.44218263,-10.5944836,"SE"
-38.0443937077575,-10.7009838050631,17,FALSE,"1","25.1","25",-37.44218263,-10.5944836,"SE"
-38.0130624654673,-10.7594830842927,18,FALSE,"1","25.1","25",-37.44218263,-10.5944836,"SE"
-37.8329078222986,-10.7048837570118,19,FALSE,"1","25.1","25",-37.44218263,-10.5944836,"SE"
-37.8329078222986,-10.3811877452748,20,FALSE,"1","25.1","25",-37.44218263,-10.5944836,"SE"
-37.7271648795692,-10.3343883218911,21,FALSE,"1","25.1","25",-37.44218263,-10.5944836,"SE"
-37.8172422011535,-9.98729259846225,22,FALSE,"1","25.1","25",-37.44218263,-10.5944836,"SE"
-37.9778148178908,-9.95999293482177,23,FALSE,"1","25.1","25",-37.44218263,-10.5944836,"SE"
-37.9934804390359,-9.49979860488239,24,FALSE,"1","25.1","25",-37.44218263,-10.5944836,"SE"
-44.741446747288,-23.3602278303448,1,FALSE,"1","26.1","26",-48.75933253,-22.25689629,"SP"
-45.4268176723862,-23.648824274544,2,FALSE,"1","26.1","26",-48.75933253,-22.25689629,"SP"
-45.3719879983783,-23.74632307326,3,FALSE,"1","26.1","26",-48.75933253,-22.25689629,"SP"
-45.5129785886842,-23.8399219200273,4,FALSE,"1","26.1","26",-48.75933253,-22.25689629,"SP"
-45.7440465005744,-23.7658228330032,5,FALSE,"1","26.1","26",-48.75933253,-22.25689629,"SP"
-46.0299440864725,-23.8087223044382,6,FALSE,"1","26.1","26",-48.75933253,-22.25689629,"SP"
-46.8406399807315,-24.2182172590453,7,FALSE,"1","26.1","26",-48.75933253,-22.25689629,"SP"
-48.0233943771866,-25.2322047656914,8,FALSE,"1","26.1","26",-48.75933253,-22.25689629,"SP"
-49.2022323683554,-24.5692129344228,9,FALSE,"1","26.1","26",-48.75933253,-22.25689629,"SP"
-49.7622783242928,-23.0560315783509,10,FALSE,"1","26.1","26",-48.75933253,-22.25689629,"SP"
-53.0951392229129,-22.5841373925656,11,FALSE,"1","26.1","26",-48.75933253,-22.25689629,"SP"
-52.4567651612501,-22.1746424379586,12,FALSE,"1","26.1","26",-48.75933253,-22.25689629,"SP"
-50.9685311524655,-19.9204702116453,13,FALSE,"1","26.1","26",-48.75933253,-22.25689629,"SP"
-47.4515992053904,-19.9867693947722,14,FALSE,"1","26.1","26",-48.75933253,-22.25689629,"SP"
-46.3432565093745,-22.903933452354,15,FALSE,"1","26.1","26",-48.75933253,-22.25689629,"SP"
-44.7492795578606,-22.4047396029282,16,FALSE,"1","26.1","26",-48.75933253,-22.25689629,"SP"
-44.5769577252644,-22.666036383487,17,FALSE,"1","26.1","26",-48.75933253,-22.25689629,"SP"
-44.3067257605115,-22.580237440617,18,FALSE,"1","26.1","26",-48.75933253,-22.25689629,"SP"
-44.2244812494997,-22.7752350380489,19,FALSE,"1","26.1","26",-48.75933253,-22.25689629,"SP"
-44.8628553111625,-23.0053322030186,20,FALSE,"1","26.1","26",-48.75933253,-22.25689629,"SP"
-44.741446747288,-23.3602278303448,21,FALSE,"1","26.1","26",-48.75933253,-22.25689629,"SP"
-45.8145417957274,-10.2524893309697,1,FALSE,"1","27.1","27",-48.35472735,-10.1086123,"TO"
-46.5664916106922,-11.3171762129481,2,FALSE,"1","27.1","27",-48.35472735,-10.1086123,"TO"
-46.2492627825039,-12.9551560313764,3,FALSE,"1","27.1","27",-48.35472735,-10.1086123,"TO"
-49.3314737428025,-13.1735533405002,4,FALSE,"1","27.1","27",-48.35472735,-10.1086123,"TO"
-50.5808070291243,-12.7952580014822,5,FALSE,"1","27.1","27",-48.35472735,-10.1086123,"TO"
-50.7374632405753,-11.4341747714072,6,FALSE,"1","27.1","27",-48.35472735,-10.1086123,"TO"
-50.2244141480732,-9.83909442441397,7,FALSE,"1","27.1","27",-48.35472735,-10.1086123,"TO"
-49.1630683154927,-7.81891931501907,8,FALSE,"1","27.1","27",-48.35472735,-10.1086123,"TO"
-49.3823870115241,-7.58882215004937,9,FALSE,"1","27.1","27",-48.35472735,-10.1086123,"TO"
-49.0338269410456,-6.80103185642433,10,FALSE,"1","27.1","27",-48.35472735,-10.1086123,"TO"
-48.7361801392887,-6.72303281745156,11,FALSE,"1","27.1","27",-48.35472735,-10.1086123,"TO"
-48.1917998044964,-5.58034689650038,12,FALSE,"1","27.1","27",-48.35472735,-10.1086123,"TO"
-48.7518457604338,-5.35024973153069,13,FALSE,"1","27.1","27",-48.35472735,-10.1086123,"TO"
-48.5442762802612,-5.16305203799603,14,FALSE,"1","27.1","27",-48.35472735,-10.1086123,"TO"
-47.502512474112,-5.47894814583577,15,FALSE,"1","27.1","27",-48.35472735,-10.1086123,"TO"
-47.3693546943786,-6.25893853556354,16,FALSE,"1","27.1","27",-48.35472735,-10.1086123,"TO"
-47.6748343067081,-7.23392652272324,17,FALSE,"1","27.1","27",-48.35472735,-10.1086123,"TO"
-47.0442930556178,-7.99051720075917,18,FALSE,"1","27.1","27",-48.35472735,-10.1086123,"TO"
-46.535160368402,-7.87351864230001,19,FALSE,"1","27.1","27",-48.35472735,-10.1086123,"TO"
-46.4803306943942,-8.3142132124962,20,FALSE,"1","27.1","27",-48.35472735,-10.1086123,"TO"
-46.8014759278687,-8.3649125878285,21,FALSE,"1","27.1","27",-48.35472735,-10.1086123,"TO"
-47.0442930556178,-9.00450470740526,22,FALSE,"1","27.1","27",-48.35472735,-10.1086123,"TO"
-46.5821572318373,-9.70259610621161,23,FALSE,"1","27.1","27",-48.35472735,-10.1086123,"TO"
-46.3941697780961,-10.1120910608187,24,FALSE,"1","27.1","27",-48.35472735,-10.1086123,"TO"
-45.8145417957274,-10.2524893309697,25,FALSE,"1","27.1","27",-48.35472735,-10.1086123,"TO"
